"quadrat_id","species_ids"
"2024-CEV3-20240602","[1395045]"
"CBN-PdlC-A1-20130807","[1393474]"
"CBN-PdlC-A1-20130903","[1397046]"
"CBN-PdlC-A1-20140721","[1737423]"
"CBN-PdlC-A1-20140811","[1400079]"
"CBN-PdlC-A1-20140901","[1394643]"
"CBN-PdlC-A1-20150701","[1394793]"
"CBN-PdlC-A1-20150720","[1392608]"
"CBN-PdlC-A1-20150831","[1394643]"
"CBN-PdlC-A1-20160705","[1743474]"
"CBN-PdlC-A1-20160726","[1743474]"
"CBN-PdlC-A1-20170816","[1743474]"
"CBN-PdlC-A1-20170906","[1667408]"
"CBN-PdlC-A1-20180702","[1743474]"
"CBN-PdlC-A1-20180815","[1412857]"
"CBN-PdlC-A1-20180905","[1743474]"
"CBN-PdlC-A1-20190701","[1359444]"
"CBN-PdlC-A1-20190722","[1738603]"
"CBN-PdlC-A1-20190812","[1738603]"
"CBN-PdlC-A1-20190909","[1362592]"
"CBN-PdlC-A1-20200629","[1741758]"
"CBN-PdlC-A1-20200722","[1744208]"
"CBN-PdlC-A1-20200812","[1742052]"
"CBN-PdlC-A2-20130807","[1393474]"
"CBN-PdlC-A2-20130903","[1394413]"
"CBN-PdlC-A2-20140721","[1744208]"
"CBN-PdlC-A2-20140901","[1389929]"
"CBN-PdlC-A2-20150720","[1472808]"
"CBN-PdlC-A2-20150810","[1397046]"
"CBN-PdlC-A2-20150831","[1359444]"
"CBN-PdlC-A2-20160705","[1359444]"
"CBN-PdlC-A2-20160726","[1392535]"
"CBN-PdlC-A2-20170816","[1359444]"
"CBN-PdlC-A2-20180702","[1393927]"
"CBN-PdlC-A2-20180723","[1397046]"
"CBN-PdlC-A2-20180815","[1393474]"
"CBN-PdlC-A2-20180905","[1392662]"
"CBN-PdlC-A2-20190701","[1359444]"
"CBN-PdlC-A2-20190722","[1359444]"
"CBN-PdlC-A2-20190812","[1688091]"
"CBN-PdlC-A2-20190909","[1392662]"
"CBN-PdlC-A2-20200629","[1741758]"
"CBN-PdlC-A2-20200722","[1741645]"
"CBN-PdlC-A2-20200812","[1392662]"
"CBN-PdlC-A3-20130807","[1392535]"
"CBN-PdlC-A3-20130903","[1395870, 1412857, 1394643]"
"CBN-PdlC-A3-20140721","[1362098]"
"CBN-PdlC-A3-20140811","[1412857]"
"CBN-PdlC-A3-20140901","[1394643]"
"CBN-PdlC-A3-20150701","[1359444]"
"CBN-PdlC-A3-20150720","[1628819]"
"CBN-PdlC-A3-20150810","[1412857]"
"CBN-PdlC-A3-20150831","[1412857]"
"CBN-PdlC-A3-20160705","[1743474]"
"CBN-PdlC-A3-20160726","[1392535]"
"CBN-PdlC-A3-20170816","[1394643]"
"CBN-PdlC-A3-20170906","[1412857]"
"CBN-PdlC-A3-20180702","[1744208]"
"CBN-PdlC-A3-20180723","[1397046]"
"CBN-PdlC-A3-20180815","[1412857]"
"CBN-PdlC-A3-20180905","[1412857]"
"CBN-PdlC-A3-20190701","[1389929]"
"CBN-PdlC-A3-20190722","[1412857]"
"CBN-PdlC-A3-20190812","[1357608]"
"CBN-PdlC-A3-20190909","[1394643]"
"CBN-PdlC-A3-20200629","[1741758]"
"CBN-PdlC-A3-20200722","[1744208]"
"CBN-PdlC-A3-20200812","[1392662]"
"CBN-PdlC-A4-20130807","[1397475]"
"CBN-PdlC-A4-20130903","[1397475]"
"CBN-PdlC-A4-20140811","[1397475, 1395190, 1741661]"
"CBN-PdlC-A4-20140901","[1738603]"
"CBN-PdlC-A4-20150701","[1359444]"
"CBN-PdlC-A4-20150810","[1393200]"
"CBN-PdlC-A4-20150831","[1392044]"
"CBN-PdlC-A4-20160705","[1741661]"
"CBN-PdlC-A4-20160726","[1741661]"
"CBN-PdlC-A4-20170816","[1397475]"
"CBN-PdlC-A4-20170906","[1743474]"
"CBN-PdlC-A4-20180702","[1397475]"
"CBN-PdlC-A4-20180723","[1400101]"
"CBN-PdlC-A4-20180815","[1392662]"
"CBN-PdlC-A4-20180905","[1397475]"
"CBN-PdlC-A4-20190701","[1397475]"
"CBN-PdlC-A4-20190722","[1741661]"
"CBN-PdlC-A4-20190812","[1741661]"
"CBN-PdlC-A4-20190909","[1741661]"
"CBN-PdlC-A4-20200629","[1743474]"
"CBN-PdlC-A4-20200722","[1741661]"
"CBN-PdlC-A4-20200812","[1741661]"
"CBN-PdlC-A5-20130807","[1397475]"
"CBN-PdlC-A5-20130903","[1741661]"
"CBN-PdlC-A5-20140721","[1397475]"
"CBN-PdlC-A5-20140811","[1744208]"
"CBN-PdlC-A5-20150701","[1741661]"
"CBN-PdlC-A5-20150831","[1741661]"
"CBN-PdlC-A5-20160705","[1397475]"
"CBN-PdlC-A5-20160726","[1397475, 1741661]"
"CBN-PdlC-A5-20170816","[1741661]"
"CBN-PdlC-A5-20170906","[1418618]"
"CBN-PdlC-A5-20180815","[1741661]"
"CBN-PdlC-A5-20180905","[1357646]"
"CBN-PdlC-A5-20190909","[1741661]"
"CBN-PdlC-A5-20200722","[1393668]"
"CBN-PdlC-A6-20130807","[1741661, 1397475]"
"CBN-PdlC-A6-20130903","[1741661]"
"CBN-PdlC-A6-20140630","[1744412]"
"CBN-PdlC-A6-20140721","[1741661, 1397475]"
"CBN-PdlC-A6-20140901","[1741661]"
"CBN-PdlC-A6-20150701","[1397475]"
"CBN-PdlC-A6-20150810","[1397475]"
"CBN-PdlC-A6-20150831","[1741661, 1397475]"
"CBN-PdlC-A6-20160705","[1741661]"
"CBN-PdlC-A6-20160726","[1741661]"
"CBN-PdlC-A6-20170816","[1741661]"
"CBN-PdlC-A6-20170906","[1741661]"
"CBN-PdlC-A6-20180702","[1359444]"
"CBN-PdlC-A6-20180723","[1741661]"
"CBN-PdlC-A6-20180815","[1741661]"
"CBN-PdlC-A6-20180905","[1741661]"
"CBN-PdlC-A6-20190701","[1741661]"
"CBN-PdlC-A6-20190722","[1741661]"
"CBN-PdlC-A6-20190812","[1741661]"
"CBN-PdlC-A6-20190909","[1741661]"
"CBN-PdlC-A6-20200722","[1741661, 1397475]"
"CBN-PdlC-A6-20200812","[1741661]"
"CBN-PdlC-B1-20130807","[1361130, 1424250, 1393474]"
"CBN-PdlC-B1-20130903","[1392612]"
"CBN-PdlC-B1-20140721","[1390966]"
"CBN-PdlC-B1-20140811","[1392608]"
"CBN-PdlC-B1-20140901","[1667408]"
"CBN-PdlC-B1-20150701","[1667408]"
"CBN-PdlC-B1-20150720","[1424250]"
"CBN-PdlC-B1-20150810","[1667408]"
"CBN-PdlC-B1-20150831","[1737565]"
"CBN-PdlC-B1-20160705","[1743474]"
"CBN-PdlC-B1-20160726","[1359444]"
"CBN-PdlC-B1-20170816","[1667408]"
"CBN-PdlC-B1-20170906","[1412857]"
"CBN-PdlC-B1-20180702","[1743101]"
"CBN-PdlC-B1-20180723","[1743315]"
"CBN-PdlC-B1-20180815","[1744241]"
"CBN-PdlC-B1-20180905","[1412857]"
"CBN-PdlC-B1-20190701","[1737423]"
"CBN-PdlC-B1-20190722","[1744208]"
"CBN-PdlC-B1-20190812","[1744208]"
"CBN-PdlC-B1-20190909","[1667408]"
"CBN-PdlC-B1-20200629","[1744412]"
"CBN-PdlC-B1-20200722","[1358943]"
"CBN-PdlC-B1-20200812","[1357608]"
"CBN-PdlC-B2-20130807","[1737423]"
"CBN-PdlC-B2-20130903","[1667408]"
"CBN-PdlC-B2-20140721","[1667408]"
"CBN-PdlC-B2-20140811","[1392612, 1392608]"
"CBN-PdlC-B2-20140901","[1392608]"
"CBN-PdlC-B2-20150701","[1743474]"
"CBN-PdlC-B2-20150720","[1738603]"
"CBN-PdlC-B2-20150810","[1359444]"
"CBN-PdlC-B2-20150831","[1359444]"
"CBN-PdlC-B2-20160705","[1743101]"
"CBN-PdlC-B2-20160726","[1397046]"
"CBN-PdlC-B2-20170816","[1667408]"
"CBN-PdlC-B2-20170906","[1743474]"
"CBN-PdlC-B2-20180702","[1359444]"
"CBN-PdlC-B2-20180723","[1392535]"
"CBN-PdlC-B2-20180815","[1358748]"
"CBN-PdlC-B2-20180905","[1667408]"
"CBN-PdlC-B2-20190701","[1359444]"
"CBN-PdlC-B2-20190722","[1392611]"
"CBN-PdlC-B2-20190812","[1392044]"
"CBN-PdlC-B2-20190909","[1667408]"
"CBN-PdlC-B2-20200629","[1744412]"
"CBN-PdlC-B2-20200722","[1667408]"
"CBN-PdlC-B2-20200812","[1392608]"
"CBN-PdlC-B3-20130807","[1392535]"
"CBN-PdlC-B3-20130903","[1548389]"
"CBN-PdlC-B3-20140721","[1397046]"
"CBN-PdlC-B3-20140811","[1394312]"
"CBN-PdlC-B3-20140901","[1389929]"
"CBN-PdlC-B3-20150701","[1359444]"
"CBN-PdlC-B3-20150810","[1393474]"
"CBN-PdlC-B3-20150831","[1498118]"
"CBN-PdlC-B3-20160705","[1418211]"
"CBN-PdlC-B3-20160726","[1393474]"
"CBN-PdlC-B3-20170816","[1394543]"
"CBN-PdlC-B3-20170906","[1393474]"
"CBN-PdlC-B3-20180702","[1743819]"
"CBN-PdlC-B3-20180723","[1397046]"
"CBN-PdlC-B3-20180815","[1363069]"
"CBN-PdlC-B3-20180905","[1489328]"
"CBN-PdlC-B3-20190701","[1363069]"
"CBN-PdlC-B3-20190722","[1742052]"
"CBN-PdlC-B3-20190812","[1393474]"
"CBN-PdlC-B3-20190909","[1362098]"
"CBN-PdlC-B3-20200629","[1744412]"
"CBN-PdlC-B3-20200722","[1393200]"
"CBN-PdlC-B3-20200812","[1743474]"
"CBN-PdlC-B4-20130807","[1741661]"
"CBN-PdlC-B4-20130903","[1741661]"
"CBN-PdlC-B4-20140721","[1397475]"
"CBN-PdlC-B4-20140811","[1397475, 1741661, 1622910, 1395190]"
"CBN-PdlC-B4-20140901","[1397475, 1741661]"
"CBN-PdlC-B4-20150701","[1359444]"
"CBN-PdlC-B4-20150810","[1397475]"
"CBN-PdlC-B4-20150831","[1397475]"
"CBN-PdlC-B4-20160726","[1397475, 1741661]"
"CBN-PdlC-B4-20170816","[1741661]"
"CBN-PdlC-B4-20170906","[1741661, 1743984]"
"CBN-PdlC-B4-20180702","[1741661]"
"CBN-PdlC-B4-20180723","[1741661]"
"CBN-PdlC-B4-20180815","[1741661]"
"CBN-PdlC-B4-20180905","[1741661]"
"CBN-PdlC-B4-20190701","[1741661]"
"CBN-PdlC-B4-20190722","[1741661, 1397475]"
"CBN-PdlC-B4-20190812","[1741661, 1397475]"
"CBN-PdlC-B4-20190909","[1741661]"
"CBN-PdlC-B4-20200629","[1741661]"
"CBN-PdlC-B4-20200722","[1741661]"
"CBN-PdlC-B4-20200812","[1741661]"
"CBN-PdlC-B5-20130807","[1397475]"
"CBN-PdlC-B5-20130903","[1395870, 1397475, 1393474]"
"CBN-PdlC-B5-20140630","[1744412]"
"CBN-PdlC-B5-20140721","[1741661]"
"CBN-PdlC-B5-20140811","[1397475, 1741661]"
"CBN-PdlC-B5-20140901","[1741661]"
"CBN-PdlC-B5-20150701","[1397475, 1393474]"
"CBN-PdlC-B5-20150720","[1400101, 1741661]"
"CBN-PdlC-B5-20150810","[1741661]"
"CBN-PdlC-B5-20150831","[1741661]"
"CBN-PdlC-B5-20160705","[1393474]"
"CBN-PdlC-B5-20160726","[1741661, 1688091]"
"CBN-PdlC-B5-20170816","[1393474]"
"CBN-PdlC-B5-20170906","[1741661]"
"CBN-PdlC-B5-20180702","[1741661]"
"CBN-PdlC-B5-20180723","[1741661]"
"CBN-PdlC-B5-20180815","[1741661]"
"CBN-PdlC-B5-20180905","[1741661]"
"CBN-PdlC-B5-20190701","[1359444]"
"CBN-PdlC-B5-20190722","[1741661]"
"CBN-PdlC-B5-20190812","[1741661]"
"CBN-PdlC-B5-20190909","[1741661, 1397475]"
"CBN-PdlC-B5-20200629","[1744208]"
"CBN-PdlC-B5-20200722","[1741661]"
"CBN-PdlC-B5-20200812","[1741661]"
"CBN-PdlC-B6-20130807","[1395870]"
"CBN-PdlC-B6-20130903","[1393474]"
"CBN-PdlC-B6-20140630","[1502795]"
"CBN-PdlC-B6-20140721","[1362098]"
"CBN-PdlC-B6-20140811","[1395807]"
"CBN-PdlC-B6-20140901","[1394543]"
"CBN-PdlC-B6-20150701","[1397046]"
"CBN-PdlC-B6-20150720","[1393668]"
"CBN-PdlC-B6-20150810","[1394543, 1394542, 1394540]"
"CBN-PdlC-B6-20150831","[1359444]"
"CBN-PdlC-B6-20160705","[1741661]"
"CBN-PdlC-B6-20160726","[1491514]"
"CBN-PdlC-B6-20170816","[1744241]"
"CBN-PdlC-B6-20170906","[1744241]"
"CBN-PdlC-B6-20180702","[1743474]"
"CBN-PdlC-B6-20180723","[1389929]"
"CBN-PdlC-B6-20180905","[1743474]"
"CBN-PdlC-B6-20190701","[1394911]"
"CBN-PdlC-B6-20190722","[1697320]"
"CBN-PdlC-B6-20190812","[1744208]"
"CBN-PdlC-B6-20190909","[1392662]"
"CBN-PdlC-B6-20200629","[1741661]"
"CBN-PdlC-B6-20200722","[1688091]"
"CBN-PdlC-B6-20200812","[1397475]"
"CBN-PdlC-C1-20130807","[1361144]"
"CBN-PdlC-C1-20130903","[1741624]"
"CBN-PdlC-C1-20140721","[1743474]"
"CBN-PdlC-C1-20140811","[1395807]"
"CBN-PdlC-C1-20140901","[1389508]"
"CBN-PdlC-C1-20150701","[1743474, 1548389]"
"CBN-PdlC-C1-20150720","[1743474]"
"CBN-PdlC-C1-20150810","[1400079]"
"CBN-PdlC-C1-20150831","[1389508]"
"CBN-PdlC-C1-20160705","[1743474]"
"CBN-PdlC-C1-20160726","[1743474]"
"CBN-PdlC-C1-20170816","[1743474]"
"CBN-PdlC-C1-20170906","[1743474]"
"CBN-PdlC-C1-20180723","[1393200]"
"CBN-PdlC-C1-20180815","[1389508]"
"CBN-PdlC-C1-20180905","[1396309]"
"CBN-PdlC-C1-20190701","[1744412]"
"CBN-PdlC-C1-20190722","[1743474]"
"CBN-PdlC-C1-20190812","[1391331]"
"CBN-PdlC-C1-20190909","[1743474]"
"CBN-PdlC-C1-20200722","[1743474]"
"CBN-PdlC-C1-20200812","[1389929]"
"CBN-PdlC-C2-20130903","[1743474]"
"CBN-PdlC-C2-20140721","[1743474]"
"CBN-PdlC-C2-20140811","[1392535, 1412857]"
"CBN-PdlC-C2-20140901","[1412857]"
"CBN-PdlC-C2-20150701","[1743474]"
"CBN-PdlC-C2-20150720","[1412857]"
"CBN-PdlC-C2-20150810","[1412857]"
"CBN-PdlC-C2-20150831","[1359444]"
"CBN-PdlC-C2-20160705","[1743474]"
"CBN-PdlC-C2-20160726","[1412857]"
"CBN-PdlC-C2-20170816","[1394312]"
"CBN-PdlC-C2-20170906","[1743474]"
"CBN-PdlC-C2-20180723","[1743474]"
"CBN-PdlC-C2-20180815","[1743474]"
"CBN-PdlC-C2-20180905","[1743474]"
"CBN-PdlC-C2-20190701","[1744412, 1467321, 1724565]"
"CBN-PdlC-C2-20190722","[1743474]"
"CBN-PdlC-C2-20190812","[1412857]"
"CBN-PdlC-C2-20190909","[1743474]"
"CBN-PdlC-C2-20200722","[1738603]"
"CBN-PdlC-C2-20200812","[1743474]"
"CBN-PdlC-C3-20130807","[1743474]"
"CBN-PdlC-C3-20130903","[1743474]"
"CBN-PdlC-C3-20140721","[1743474]"
"CBN-PdlC-C3-20140811","[1395807]"
"CBN-PdlC-C3-20140901","[1743474]"
"CBN-PdlC-C3-20150701","[1743474]"
"CBN-PdlC-C3-20150720","[1397046]"
"CBN-PdlC-C3-20150831","[1393679]"
"CBN-PdlC-C3-20160705","[1743474]"
"CBN-PdlC-C3-20160726","[1743474]"
"CBN-PdlC-C3-20170816","[1359444]"
"CBN-PdlC-C3-20170906","[1743474]"
"CBN-PdlC-C3-20180723","[1743474]"
"CBN-PdlC-C3-20180815","[1651322]"
"CBN-PdlC-C3-20180905","[1743474]"
"CBN-PdlC-C3-20190701","[1744412]"
"CBN-PdlC-C3-20190722","[1393668]"
"CBN-PdlC-C3-20190812","[1392785]"
"CBN-PdlC-C3-20190909","[1743474]"
"CBN-PdlC-C3-20200722","[1393668]"
"CBN-PdlC-C3-20200812","[1392662]"
"CBN-PdlC-C4-20130807","[1481080]"
"CBN-PdlC-C4-20130903","[1389508]"
"CBN-PdlC-C4-20140721","[1743474]"
"CBN-PdlC-C4-20140811","[1358523]"
"CBN-PdlC-C4-20140901","[1396249]"
"CBN-PdlC-C4-20150701","[1357646]"
"CBN-PdlC-C4-20150720","[1397046]"
"CBN-PdlC-C4-20150831","[1392044]"
"CBN-PdlC-C4-20160705","[1743474]"
"CBN-PdlC-C4-20160726","[1397046]"
"CBN-PdlC-C4-20170816","[1393474]"
"CBN-PdlC-C4-20170906","[1392044]"
"CBN-PdlC-C4-20180723","[1397046]"
"CBN-PdlC-C4-20180815","[1392044]"
"CBN-PdlC-C4-20180905","[1392044]"
"CBN-PdlC-C4-20190701","[1744412]"
"CBN-PdlC-C4-20190722","[1360780]"
"CBN-PdlC-C4-20190812","[1393474]"
"CBN-PdlC-C4-20190909","[1393474]"
"CBN-PdlC-C4-20200722","[1393668]"
"CBN-PdlC-C4-20200812","[1360269]"
"CBN-PdlC-C5-20130807","[1395870]"
"CBN-PdlC-C5-20130903","[1395807]"
"CBN-PdlC-C5-20140721","[1743474]"
"CBN-PdlC-C5-20140811","[1395870]"
"CBN-PdlC-C5-20140901","[1397046]"
"CBN-PdlC-C5-20150701","[1743474]"
"CBN-PdlC-C5-20150720","[1396253]"
"CBN-PdlC-C5-20150810","[1481080]"
"CBN-PdlC-C5-20150831","[1396253]"
"CBN-PdlC-C5-20160705","[1743474]"
"CBN-PdlC-C5-20160726","[1743474]"
"CBN-PdlC-C5-20170816","[1491514]"
"CBN-PdlC-C5-20170906","[1357646]"
"CBN-PdlC-C5-20180723","[1397046]"
"CBN-PdlC-C5-20180815","[1481080]"
"CBN-PdlC-C5-20180905","[1743474]"
"CBN-PdlC-C5-20190701","[1393927]"
"CBN-PdlC-C5-20190722","[1395870]"
"CBN-PdlC-C5-20190812","[1392044]"
"CBN-PdlC-C5-20190909","[1396309]"
"CBN-PdlC-C5-20200722","[1392177]"
"CBN-PdlC-C5-20200812","[1389508]"
"CBN-PdlC-C6-20130807","[1394312]"
"CBN-PdlC-C6-20130903","[1564349]"
"CBN-PdlC-C6-20140721","[1743474]"
"CBN-PdlC-C6-20140811","[1395870]"
"CBN-PdlC-C6-20140901","[1389508]"
"CBN-PdlC-C6-20150701","[1359444]"
"CBN-PdlC-C6-20150720","[1393200]"
"CBN-PdlC-C6-20150810","[1389508]"
"CBN-PdlC-C6-20150831","[1389508]"
"CBN-PdlC-C6-20160705","[1743474]"
"CBN-PdlC-C6-20160726","[1396309]"
"CBN-PdlC-C6-20170816","[1397299]"
"CBN-PdlC-C6-20170906","[1564349]"
"CBN-PdlC-C6-20180723","[1393200]"
"CBN-PdlC-C6-20180815","[1389508]"
"CBN-PdlC-C6-20180905","[1744241]"
"CBN-PdlC-C6-20190701","[1744208]"
"CBN-PdlC-C6-20190722","[1393200]"
"CBN-PdlC-C6-20190812","[1392608]"
"CBN-PdlC-C6-20190909","[1744208]"
"CBN-PdlC-C6-20200722","[1396869]"
"CBN-PdlC-C6-20200812","[1744208]"
"CBN-PdlC-D1-20130807","[1361144]"
"CBN-PdlC-D1-20130903","[1481080]"
"CBN-PdlC-D1-20140721","[1390822]"
"CBN-PdlC-D1-20140811","[1395807]"
"CBN-PdlC-D1-20140901","[1622895]"
"CBN-PdlC-D1-20150701","[1361530]"
"CBN-PdlC-D1-20150720","[1396253]"
"CBN-PdlC-D1-20150810","[1400079]"
"CBN-PdlC-D1-20150831","[1396253]"
"CBN-PdlC-D1-20160705","[1743474]"
"CBN-PdlC-D1-20160726","[1396253]"
"CBN-PdlC-D1-20170816","[1743474]"
"CBN-PdlC-D1-20170906","[1359444]"
"CBN-PdlC-D1-20180723","[1743474]"
"CBN-PdlC-D1-20180815","[1363670]"
"CBN-PdlC-D1-20180905","[1396253]"
"CBN-PdlC-D1-20190701","[1743315]"
"CBN-PdlC-D1-20190722","[1396253]"
"CBN-PdlC-D1-20190812","[1396253]"
"CBN-PdlC-D1-20190909","[1741616]"
"CBN-PdlC-D1-20200722","[1396253]"
"CBN-PdlC-D1-20200812","[1743474]"
"CBN-PdlC-D2-20130807","[1393474]"
"CBN-PdlC-D2-20130903","[1396253]"
"CBN-PdlC-D2-20140721","[1396253]"
"CBN-PdlC-D2-20140811","[1394643]"
"CBN-PdlC-D2-20140901","[1394643]"
"CBN-PdlC-D2-20150720","[1396253]"
"CBN-PdlC-D2-20150810","[1389508]"
"CBN-PdlC-D2-20150831","[1400079]"
"CBN-PdlC-D2-20160705","[1743474]"
"CBN-PdlC-D2-20160726","[1396253]"
"CBN-PdlC-D2-20170816","[1743474]"
"CBN-PdlC-D2-20170906","[1743474]"
"CBN-PdlC-D2-20180723","[1397046]"
"CBN-PdlC-D2-20180815","[1491514]"
"CBN-PdlC-D2-20180905","[1743474]"
"CBN-PdlC-D2-20190701","[1743474]"
"CBN-PdlC-D2-20190722","[1743474]"
"CBN-PdlC-D2-20190812","[1397046]"
"CBN-PdlC-D2-20190909","[1743474]"
"CBN-PdlC-D2-20200722","[1743474]"
"CBN-PdlC-D2-20200812","[1743474]"
"CBN-PdlC-D3-20130807","[1744241]"
"CBN-PdlC-D3-20130903","[1397046]"
"CBN-PdlC-D3-20140721","[1744060]"
"CBN-PdlC-D3-20140811","[1744060, 1413349]"
"CBN-PdlC-D3-20140901","[1394543]"
"CBN-PdlC-D3-20150701","[1393927]"
"CBN-PdlC-D3-20150720","[1744241]"
"CBN-PdlC-D3-20150831","[1744241]"
"CBN-PdlC-D3-20160705","[1743474]"
"CBN-PdlC-D3-20160726","[1632987]"
"CBN-PdlC-D3-20170816","[1743474]"
"CBN-PdlC-D3-20170906","[1743474]"
"CBN-PdlC-D3-20180723","[1397046]"
"CBN-PdlC-D3-20180815","[1743474]"
"CBN-PdlC-D3-20180905","[1472808]"
"CBN-PdlC-D3-20190701","[1393927]"
"CBN-PdlC-D3-20190722","[1358463]"
"CBN-PdlC-D3-20190812","[1392318]"
"CBN-PdlC-D3-20190909","[1743474]"
"CBN-PdlC-D3-20200722","[1744060]"
"CBN-PdlC-D3-20200812","[1744060]"
"CBN-PdlC-D4-20130807","[1396253]"
"CBN-PdlC-D4-20130903","[1396253]"
"CBN-PdlC-D4-20140721","[1397046]"
"CBN-PdlC-D4-20140811","[1395870, 1395807]"
"CBN-PdlC-D4-20140901","[1392044]"
"CBN-PdlC-D4-20150701","[1393927]"
"CBN-PdlC-D4-20150720","[1646778]"
"CBN-PdlC-D4-20150831","[1392044]"
"CBN-PdlC-D4-20160705","[1743101]"
"CBN-PdlC-D4-20160726","[1397046]"
"CBN-PdlC-D4-20170816","[1744241]"
"CBN-PdlC-D4-20170906","[1392044]"
"CBN-PdlC-D4-20180723","[1397046]"
"CBN-PdlC-D4-20180815","[1489190]"
"CBN-PdlC-D4-20180905","[1472681]"
"CBN-PdlC-D4-20190701","[1393927]"
"CBN-PdlC-D4-20190722","[1396253]"
"CBN-PdlC-D4-20190812","[1357608]"
"CBN-PdlC-D4-20190909","[1393474]"
"CBN-PdlC-D4-20200722","[1358943]"
"CBN-PdlC-D4-20200812","[1738603]"
"CBN-PdlC-D5-20130807","[1744241]"
"CBN-PdlC-D5-20130903","[1651322]"
"CBN-PdlC-D5-20140721","[1359444]"
"CBN-PdlC-D5-20140811","[1395870]"
"CBN-PdlC-D5-20140901","[1744241]"
"CBN-PdlC-D5-20150701","[1359444]"
"CBN-PdlC-D5-20150720","[1744241]"
"CBN-PdlC-D5-20150810","[1395870]"
"CBN-PdlC-D5-20150831","[1743474]"
"CBN-PdlC-D5-20160705","[1743474, 1744241]"
"CBN-PdlC-D5-20160726","[1531441]"
"CBN-PdlC-D5-20170816","[1743474]"
"CBN-PdlC-D5-20170906","[1392336]"
"CBN-PdlC-D5-20180723","[1400101]"
"CBN-PdlC-D5-20180815","[1531441]"
"CBN-PdlC-D5-20180905","[1744241]"
"CBN-PdlC-D5-20190701","[1743474]"
"CBN-PdlC-D5-20190722","[1744060]"
"CBN-PdlC-D5-20190812","[1389508]"
"CBN-PdlC-D5-20190909","[1743474]"
"CBN-PdlC-D5-20200722","[1531441]"
"CBN-PdlC-D5-20200812","[1531441]"
"CBN-PdlC-D6-20130807","[1393474]"
"CBN-PdlC-D6-20130903","[1397046]"
"CBN-PdlC-D6-20140721","[1743474]"
"CBN-PdlC-D6-20140811","[1395807]"
"CBN-PdlC-D6-20140901","[1393660]"
"CBN-PdlC-D6-20150701","[1548389]"
"CBN-PdlC-D6-20150720","[1393668]"
"CBN-PdlC-D6-20150810","[1393474]"
"CBN-PdlC-D6-20150831","[1359444]"
"CBN-PdlC-D6-20160705","[1743474]"
"CBN-PdlC-D6-20160726","[1359444]"
"CBN-PdlC-D6-20170816","[1392044]"
"CBN-PdlC-D6-20170906","[1564349]"
"CBN-PdlC-D6-20180723","[1395106]"
"CBN-PdlC-D6-20180815","[1743474]"
"CBN-PdlC-D6-20180905","[1396249]"
"CBN-PdlC-D6-20190701","[1744208]"
"CBN-PdlC-D6-20190722","[1393668]"
"CBN-PdlC-D6-20190812","[1392044]"
"CBN-PdlC-D6-20190909","[1622910]"
"CBN-PdlC-D6-20200722","[1744208]"
"CBN-PdlC-D6-20200812","[1744208]"
"CBN-PdlC-E1-20130723","[1744208]"
"CBN-PdlC-E1-20130807","[1744208]"
"CBN-PdlC-E1-20130903","[1394643]"
"CBN-PdlC-E1-20140630","[1743474]"
"CBN-PdlC-E1-20140721","[1389135]"
"CBN-PdlC-E1-20140811","[1395870]"
"CBN-PdlC-E1-20140901","[1397046]"
"CBN-PdlC-E1-20150701","[1400079]"
"CBN-PdlC-E1-20150720","[1392608]"
"CBN-PdlC-E1-20150810","[1743474]"
"CBN-PdlC-E1-20150831","[1397046]"
"CBN-PdlC-E1-20160705","[1362098]"
"CBN-PdlC-E1-20160726","[1392608]"
"CBN-PdlC-E1-20170816","[1743474]"
"CBN-PdlC-E1-20170906","[1743474]"
"CBN-PdlC-E1-20180702","[1743474]"
"CBN-PdlC-E1-20180723","[1392535]"
"CBN-PdlC-E1-20180815","[1743474]"
"CBN-PdlC-E1-20180905","[1743474]"
"CBN-PdlC-E1-20190701","[1397046]"
"CBN-PdlC-E1-20190812","[1738603]"
"CBN-PdlC-E1-20190909","[1397046]"
"CBN-PdlC-E1-20200629","[1397046]"
"CBN-PdlC-E1-20200722","[1392608]"
"CBN-PdlC-E1-20200812","[1743474]"
"CBN-PdlC-E2-20130723","[1397046]"
"CBN-PdlC-E2-20130807","[1743474]"
"CBN-PdlC-E2-20130903","[1395870]"
"CBN-PdlC-E2-20140630","[1743474]"
"CBN-PdlC-E2-20140721","[1400079]"
"CBN-PdlC-E2-20140811","[1395870, 1395807, 1412857]"
"CBN-PdlC-E2-20140901","[1743456]"
"CBN-PdlC-E2-20150720","[1390899]"
"CBN-PdlC-E2-20150810","[1651322]"
"CBN-PdlC-E2-20150831","[1395870]"
"CBN-PdlC-E2-20160705","[1738603]"
"CBN-PdlC-E2-20160726","[1743474]"
"CBN-PdlC-E2-20170816","[1743474]"
"CBN-PdlC-E2-20170906","[1743474]"
"CBN-PdlC-E2-20180702","[1743474]"
"CBN-PdlC-E2-20180723","[1743474]"
"CBN-PdlC-E2-20180815","[1743474]"
"CBN-PdlC-E2-20180905","[1743474]"
"CBN-PdlC-E2-20190701","[1395870]"
"CBN-PdlC-E2-20190812","[1392785]"
"CBN-PdlC-E2-20190909","[1397046]"
"CBN-PdlC-E2-20200629","[1390822]"
"CBN-PdlC-E2-20200722","[1738603]"
"CBN-PdlC-E2-20200812","[1743474]"
"CBN-PdlC-E3-20130723","[1744241]"
"CBN-PdlC-E3-20130807","[1744241]"
"CBN-PdlC-E3-20130903","[1531441]"
"CBN-PdlC-E3-20140630","[1743474]"
"CBN-PdlC-E3-20140721","[1744241]"
"CBN-PdlC-E3-20140811","[1395807]"
"CBN-PdlC-E3-20140901","[1744241]"
"CBN-PdlC-E3-20150701","[1744241]"
"CBN-PdlC-E3-20150720","[1744241]"
"CBN-PdlC-E3-20150810","[1743474]"
"CBN-PdlC-E3-20150831","[1743474]"
"CBN-PdlC-E3-20160705","[1743474]"
"CBN-PdlC-E3-20160726","[1397386]"
"CBN-PdlC-E3-20170816","[1392336]"
"CBN-PdlC-E3-20170906","[1392336]"
"CBN-PdlC-E3-20180702","[1743474]"
"CBN-PdlC-E3-20180723","[1651322]"
"CBN-PdlC-E3-20180815","[1743474]"
"CBN-PdlC-E3-20180905","[1743474]"
"CBN-PdlC-E3-20190701","[1743474]"
"CBN-PdlC-E3-20190812","[1744241]"
"CBN-PdlC-E3-20190909","[1737437]"
"CBN-PdlC-E3-20200629","[1743474]"
"CBN-PdlC-E3-20200722","[1393665]"
"CBN-PdlC-E3-20200812","[1743474]"
"CBN-PdlC-E4-20130807","[1628783]"
"CBN-PdlC-E4-20130903","[1397046]"
"CBN-PdlC-E4-20140630","[1744208]"
"CBN-PdlC-E4-20140721","[1396253]"
"CBN-PdlC-E4-20140811","[1392652]"
"CBN-PdlC-E4-20140901","[1744241]"
"CBN-PdlC-E4-20150701","[1396253]"
"CBN-PdlC-E4-20150720","[1361281]"
"CBN-PdlC-E4-20150810","[1722433]"
"CBN-PdlC-E4-20160705","[1397430]"
"CBN-PdlC-E4-20160726","[1531441]"
"CBN-PdlC-E4-20170816","[1738603]"
"CBN-PdlC-E4-20170906","[1743474]"
"CBN-PdlC-E4-20180702","[1397430]"
"CBN-PdlC-E4-20180723","[1743474]"
"CBN-PdlC-E4-20180815","[1743474]"
"CBN-PdlC-E4-20180905","[1743474]"
"CBN-PdlC-E4-20190701","[1395870]"
"CBN-PdlC-E4-20190812","[1389687]"
"CBN-PdlC-E4-20190909","[1744208]"
"CBN-PdlC-E4-20200629","[1393665]"
"CBN-PdlC-E4-20200722","[1389508]"
"CBN-PdlC-E4-20200812","[1743474]"
"CBN-PdlC-E5-20130723","[1356001]"
"CBN-PdlC-E5-20130807","[1392608]"
"CBN-PdlC-E5-20130903","[1360299]"
"CBN-PdlC-E5-20140630","[1360299]"
"CBN-PdlC-E5-20140721","[1363254]"
"CBN-PdlC-E5-20140811","[1393200]"
"CBN-PdlC-E5-20150720","[1392608]"
"CBN-PdlC-E5-20150810","[1744060]"
"CBN-PdlC-E5-20150831","[1667408]"
"CBN-PdlC-E5-20160705","[1744060]"
"CBN-PdlC-E5-20160726","[1392608]"
"CBN-PdlC-E5-20170816","[1744241]"
"CBN-PdlC-E5-20170906","[1667408]"
"CBN-PdlC-E5-20180702","[1743306]"
"CBN-PdlC-E5-20180723","[1389508]"
"CBN-PdlC-E5-20180815","[1667408]"
"CBN-PdlC-E5-20180905","[1744241]"
"CBN-PdlC-E5-20190722","[1363254]"
"CBN-PdlC-E5-20190812","[1392175]"
"CBN-PdlC-E5-20190909","[1743474]"
"CBN-PdlC-E5-20200629","[1393927]"
"CBN-PdlC-E5-20200722","[1738603]"
"CBN-PdlC-E5-20200812","[1743474]"
"CBN-PdlC-E6-20130723","[1396869]"
"CBN-PdlC-E6-20130807","[1738603]"
"CBN-PdlC-E6-20130903","[1622910]"
"CBN-PdlC-E6-20140630","[1743819]"
"CBN-PdlC-E6-20140721","[1628819]"
"CBN-PdlC-E6-20140811","[1395807]"
"CBN-PdlC-E6-20150701","[1548389]"
"CBN-PdlC-E6-20150720","[1397046]"
"CBN-PdlC-E6-20150810","[1396869]"
"CBN-PdlC-E6-20150831","[1390899]"
"CBN-PdlC-E6-20160705","[1392608]"
"CBN-PdlC-E6-20160726","[1743819]"
"CBN-PdlC-E6-20170816","[1472808]"
"CBN-PdlC-E6-20170906","[1743474]"
"CBN-PdlC-E6-20180702","[1393927]"
"CBN-PdlC-E6-20180723","[1396869]"
"CBN-PdlC-E6-20180815","[1389508]"
"CBN-PdlC-E6-20180905","[1743474]"
"CBN-PdlC-E6-20190722","[1394312]"
"CBN-PdlC-E6-20190812","[1743456]"
"CBN-PdlC-E6-20190909","[1390899]"
"CBN-PdlC-E6-20200629","[1396869]"
"CBN-PdlC-E6-20200722","[1396869]"
"CBN-PdlC-E6-20200812","[1743474]"
"CBN-PdlC-F1-20130723","[1399800]"
"CBN-PdlC-F1-20130807","[1391331]"
"CBN-PdlC-F1-20130903","[1395807]"
"CBN-PdlC-F1-20140630","[1397046]"
"CBN-PdlC-F1-20140721","[1397046]"
"CBN-PdlC-F1-20140811","[1395870]"
"CBN-PdlC-F1-20140901","[1743474]"
"CBN-PdlC-F1-20150701","[1392535]"
"CBN-PdlC-F1-20150720","[1397046]"
"CBN-PdlC-F1-20150810","[1397046]"
"CBN-PdlC-F1-20150831","[1359444]"
"CBN-PdlC-F1-20160705","[1396253]"
"CBN-PdlC-F1-20160726","[1397046]"
"CBN-PdlC-F1-20170816","[1359444]"
"CBN-PdlC-F1-20170906","[1743474]"
"CBN-PdlC-F1-20180702","[1743474]"
"CBN-PdlC-F1-20180723","[1564349]"
"CBN-PdlC-F1-20180815","[1743474]"
"CBN-PdlC-F1-20180905","[1743474]"
"CBN-PdlC-F1-20190701","[1397046]"
"CBN-PdlC-F1-20190812","[1392318]"
"CBN-PdlC-F1-20190909","[1744208]"
"CBN-PdlC-F1-20200629","[1743977]"
"CBN-PdlC-F1-20200722","[1744241]"
"CBN-PdlC-F1-20200812","[1743474]"
"CBN-PdlC-F2-20130723","[1396253]"
"CBN-PdlC-F2-20130807","[1394287]"
"CBN-PdlC-F2-20130903","[1743474]"
"CBN-PdlC-F2-20140630","[1399800]"
"CBN-PdlC-F2-20140721","[1399800]"
"CBN-PdlC-F2-20140811","[1395807]"
"CBN-PdlC-F2-20140901","[1399800]"
"CBN-PdlC-F2-20150701","[1395870]"
"CBN-PdlC-F2-20150720","[1744241]"
"CBN-PdlC-F2-20150810","[1743474]"
"CBN-PdlC-F2-20150831","[1743474]"
"CBN-PdlC-F2-20160705","[1743474]"
"CBN-PdlC-F2-20160726","[1359444]"
"CBN-PdlC-F2-20170906","[1743474]"
"CBN-PdlC-F2-20180702","[1743474]"
"CBN-PdlC-F2-20180723","[1743474]"
"CBN-PdlC-F2-20180815","[1651322]"
"CBN-PdlC-F2-20180905","[1743474]"
"CBN-PdlC-F2-20190701","[1395870]"
"CBN-PdlC-F2-20190812","[1394312]"
"CBN-PdlC-F2-20190909","[1743474]"
"CBN-PdlC-F2-20200629","[1744208]"
"CBN-PdlC-F2-20200722","[1743474]"
"CBN-PdlC-F2-20200812","[1743474]"
"CBN-PdlC-F3-20130723","[1744241]"
"CBN-PdlC-F3-20130807","[1744241]"
"CBN-PdlC-F3-20130903","[1392608]"
"CBN-PdlC-F3-20140630","[1393927]"
"CBN-PdlC-F3-20140721","[1744241]"
"CBN-PdlC-F3-20140811","[1744241]"
"CBN-PdlC-F3-20140901","[1392662]"
"CBN-PdlC-F3-20150701","[1397046]"
"CBN-PdlC-F3-20150720","[1392608]"
"CBN-PdlC-F3-20150810","[1531441]"
"CBN-PdlC-F3-20150831","[1743474]"
"CBN-PdlC-F3-20160705","[1393687]"
"CBN-PdlC-F3-20160726","[1531441]"
"CBN-PdlC-F3-20170816","[1390388]"
"CBN-PdlC-F3-20170906","[1743474]"
"CBN-PdlC-F3-20180702","[1743474]"
"CBN-PdlC-F3-20180723","[1743474]"
"CBN-PdlC-F3-20180815","[1744208]"
"CBN-PdlC-F3-20180905","[1744241]"
"CBN-PdlC-F3-20190701","[1397046]"
"CBN-PdlC-F3-20190722","[1395870]"
"CBN-PdlC-F3-20190812","[1744241]"
"CBN-PdlC-F3-20190909","[1743474]"
"CBN-PdlC-F3-20200629","[1743474]"
"CBN-PdlC-F3-20200722","[1393665]"
"CBN-PdlC-F3-20200812","[1743474]"
"CBN-PdlC-F4-20130723","[1743474]"
"CBN-PdlC-F4-20130807","[1688091]"
"CBN-PdlC-F4-20130903","[1394543]"
"CBN-PdlC-F4-20140630","[1498118]"
"CBN-PdlC-F4-20140811","[1397430]"
"CBN-PdlC-F4-20140901","[1744241]"
"CBN-PdlC-F4-20150701","[1392608]"
"CBN-PdlC-F4-20150720","[1392608]"
"CBN-PdlC-F4-20150810","[1396869]"
"CBN-PdlC-F4-20150831","[1362745]"
"CBN-PdlC-F4-20160705","[1392608]"
"CBN-PdlC-F4-20160726","[1744241]"
"CBN-PdlC-F4-20170816","[1743474]"
"CBN-PdlC-F4-20170906","[1743474]"
"CBN-PdlC-F4-20180702","[1393200]"
"CBN-PdlC-F4-20180723","[1743474]"
"CBN-PdlC-F4-20180815","[1743474]"
"CBN-PdlC-F4-20180905","[1744241]"
"CBN-PdlC-F4-20190701","[1393665]"
"CBN-PdlC-F4-20190722","[1396869]"
"CBN-PdlC-F4-20190812","[1393660]"
"CBN-PdlC-F4-20190909","[1744241]"
"CBN-PdlC-F4-20200629","[1393665]"
"CBN-PdlC-F4-20200722","[1744241]"
"CBN-PdlC-F4-20200812","[1395127]"
"CBN-PdlC-F5-20130723","[1393927]"
"CBN-PdlC-F5-20130903","[1389508]"
"CBN-PdlC-F5-20140630","[1393927]"
"CBN-PdlC-F5-20140721","[1392608]"
"CBN-PdlC-F5-20140811","[1531441]"
"CBN-PdlC-F5-20150701","[1396253]"
"CBN-PdlC-F5-20150720","[1392608]"
"CBN-PdlC-F5-20150810","[1744208]"
"CBN-PdlC-F5-20150831","[1396307]"
"CBN-PdlC-F5-20160705","[1743474]"
"CBN-PdlC-F5-20160726","[1738603]"
"CBN-PdlC-F5-20170816","[1743474]"
"CBN-PdlC-F5-20170906","[1743474]"
"CBN-PdlC-F5-20180702","[1743474]"
"CBN-PdlC-F5-20180723","[1564349]"
"CBN-PdlC-F5-20180815","[1389508]"
"CBN-PdlC-F5-20180905","[1744241]"
"CBN-PdlC-F5-20190722","[1651358]"
"CBN-PdlC-F5-20190812","[1392608]"
"CBN-PdlC-F5-20190909","[1743474]"
"CBN-PdlC-F5-20200629","[1743474]"
"CBN-PdlC-F5-20200722","[1744241]"
"CBN-PdlC-F5-20200812","[1743474]"
"CBN-PdlC-F6-20130723","[1743474]"
"CBN-PdlC-F6-20130807","[1389508]"
"CBN-PdlC-F6-20130903","[1743474]"
"CBN-PdlC-F6-20140630","[1743474]"
"CBN-PdlC-F6-20140721","[1743474]"
"CBN-PdlC-F6-20140811","[1392535, 1392534]"
"CBN-PdlC-F6-20150701","[1393200]"
"CBN-PdlC-F6-20150720","[1394543]"
"CBN-PdlC-F6-20150810","[1389508]"
"CBN-PdlC-F6-20150831","[1390899]"
"CBN-PdlC-F6-20160705","[1389508]"
"CBN-PdlC-F6-20160726","[1389508]"
"CBN-PdlC-F6-20170816","[1743474]"
"CBN-PdlC-F6-20170906","[1743474]"
"CBN-PdlC-F6-20180702","[1743474]"
"CBN-PdlC-F6-20180723","[1744208]"
"CBN-PdlC-F6-20180815","[1389508]"
"CBN-PdlC-F6-20180905","[1743474]"
"CBN-PdlC-F6-20190722","[1392608, 1358943]"
"CBN-PdlC-F6-20190812","[1744208]"
"CBN-PdlC-F6-20190909","[1427718, 1743474]"
"CBN-PdlC-F6-20200629","[1743474]"
"CBN-PdlC-F6-20200722","[1394543]"
"CBN-PdlC-F6-20200812","[1743474]"
"CBN-Pla-A1-20130808","[1393923]"
"CBN-Pla-A1-20130904","[1741661]"
"CBN-Pla-A1-20140722","[1362098]"
"CBN-Pla-A1-20140812","[1397475]"
"CBN-Pla-A1-20140902","[1651358]"
"CBN-Pla-A1-20150702","[1743474]"
"CBN-Pla-A1-20150723","[1741661]"
"CBN-Pla-A1-20150811","[1651322]"
"CBN-Pla-A1-20150901","[1397475]"
"CBN-Pla-A1-20160707","[1743474]"
"CBN-Pla-A1-20160728","[1743474]"
"CBN-Pla-A1-20180724","[1743474]"
"CBN-Pla-A1-20180816","[1743474]"
"CBN-Pla-A1-20180906","[1362098]"
"CBN-Pla-A1-20190723","[1743474]"
"CBN-Pla-A1-20190814","[1741661, 1362098, 1743474]"
"CBN-Pla-A1-20200630","[1467321]"
"CBN-Pla-A1-20200723","[1743474]"
"CBN-Pla-A1-20200814","[1743474]"
"CBN-Pla-A2-20130724","[1743474]"
"CBN-Pla-A2-20130808","[1743474]"
"CBN-Pla-A2-20130904","[1742054]"
"CBN-Pla-A2-20140722","[1743474]"
"CBN-Pla-A2-20140812","[1394641]"
"CBN-Pla-A2-20140902","[1743474]"
"CBN-Pla-A2-20150702","[1393923]"
"CBN-Pla-A2-20150723","[1743474]"
"CBN-Pla-A2-20150811","[1743474]"
"CBN-Pla-A2-20150901","[1472808]"
"CBN-Pla-A2-20160707","[1743474, 1472808]"
"CBN-Pla-A2-20160728","[1743474]"
"CBN-Pla-A2-20180724","[1743474]"
"CBN-Pla-A2-20180816","[1743474]"
"CBN-Pla-A2-20180906","[1743474]"
"CBN-Pla-A2-20190723","[1743474]"
"CBN-Pla-A2-20190814","[1743474]"
"CBN-Pla-A2-20200723","[1397046]"
"CBN-Pla-A2-20200814","[1743474]"
"CBN-Pla-A3-20130724","[1737423]"
"CBN-Pla-A3-20130808","[1743474]"
"CBN-Pla-A3-20130904","[1395870]"
"CBN-Pla-A3-20140722","[1743474]"
"CBN-Pla-A3-20140812","[1395870]"
"CBN-Pla-A3-20140902","[1743474]"
"CBN-Pla-A3-20150702","[1743474]"
"CBN-Pla-A3-20150723","[1743474]"
"CBN-Pla-A3-20150811","[1564349]"
"CBN-Pla-A3-20150901","[1743474]"
"CBN-Pla-A3-20160707","[1743474]"
"CBN-Pla-A3-20160728","[1743474]"
"CBN-Pla-A3-20180724","[1743474]"
"CBN-Pla-A3-20180816","[1743474]"
"CBN-Pla-A3-20180906","[1743474]"
"CBN-Pla-A3-20190723","[1743474]"
"CBN-Pla-A3-20190814","[1743474]"
"CBN-Pla-A3-20200723","[1743474]"
"CBN-Pla-A3-20200814","[1743474]"
"CBN-Pla-A4-20130724","[1743474]"
"CBN-Pla-A4-20130808","[1395870]"
"CBN-Pla-A4-20130904","[1395870]"
"CBN-Pla-A4-20140722","[1743474]"
"CBN-Pla-A4-20140812","[1395870]"
"CBN-Pla-A4-20140902","[1743474]"
"CBN-Pla-A4-20150702","[1743474]"
"CBN-Pla-A4-20150723","[1743474]"
"CBN-Pla-A4-20150811","[1395870]"
"CBN-Pla-A4-20150901","[1743474]"
"CBN-Pla-A4-20160707","[1743474]"
"CBN-Pla-A4-20160728","[1743474]"
"CBN-Pla-A4-20180724","[1743474]"
"CBN-Pla-A4-20180816","[1743474]"
"CBN-Pla-A4-20180906","[1743474]"
"CBN-Pla-A4-20190723","[1743474]"
"CBN-Pla-A4-20190814","[1376496]"
"CBN-Pla-A4-20200723","[1743474]"
"CBN-Pla-A4-20200814","[1743474]"
"CBN-Pla-A5-20130724","[1743474]"
"CBN-Pla-A5-20130808","[1395870]"
"CBN-Pla-A5-20130904","[1395870]"
"CBN-Pla-A5-20140722","[1743474]"
"CBN-Pla-A5-20140812","[1395870]"
"CBN-Pla-A5-20140902","[1395870]"
"CBN-Pla-A5-20150702","[1743474]"
"CBN-Pla-A5-20150723","[1395870]"
"CBN-Pla-A5-20150811","[1395870]"
"CBN-Pla-A5-20160707","[1743474]"
"CBN-Pla-A5-20160728","[1396869]"
"CBN-Pla-A5-20180724","[1743474]"
"CBN-Pla-A5-20180816","[1743474]"
"CBN-Pla-A5-20180906","[1743474]"
"CBN-Pla-A5-20190723","[1743474]"
"CBN-Pla-A5-20190814","[1389508]"
"CBN-Pla-A5-20200723","[1743474]"
"CBN-Pla-A5-20200814","[1743474]"
"CBN-Pla-A6-20130724","[1507261]"
"CBN-Pla-A6-20130808","[1741880]"
"CBN-Pla-A6-20130904","[1395870]"
"CBN-Pla-A6-20140722","[1743474]"
"CBN-Pla-A6-20140812","[1395870]"
"CBN-Pla-A6-20140902","[1396869]"
"CBN-Pla-A6-20150702","[1743474]"
"CBN-Pla-A6-20150723","[1395870]"
"CBN-Pla-A6-20150811","[1395870]"
"CBN-Pla-A6-20150901","[1359444]"
"CBN-Pla-A6-20160707","[1743474]"
"CBN-Pla-A6-20160728","[1397046]"
"CBN-Pla-A6-20180724","[1359444]"
"CBN-Pla-A6-20180816","[1738603]"
"CBN-Pla-A6-20180906","[1743474]"
"CBN-Pla-A6-20190723","[1397046]"
"CBN-Pla-A6-20190814","[1743474]"
"CBN-Pla-A6-20200723","[1743474]"
"CBN-Pla-A6-20200814","[1743474]"
"CBN-Pla-B1-20130724","[1467321]"
"CBN-Pla-B1-20130808","[1357646]"
"CBN-Pla-B1-20130904","[1743474]"
"CBN-Pla-B1-20140722","[1359444, 1743474]"
"CBN-Pla-B1-20140812","[1393087]"
"CBN-Pla-B1-20140902","[1363403]"
"CBN-Pla-B1-20150702","[1743474]"
"CBN-Pla-B1-20150723","[1743474]"
"CBN-Pla-B1-20150811","[1743474]"
"CBN-Pla-B1-20150901","[1744241]"
"CBN-Pla-B1-20160707","[1743474, 1359444]"
"CBN-Pla-B1-20160728","[1743474]"
"CBN-Pla-B1-20180724","[1743474]"
"CBN-Pla-B1-20180816","[1743474]"
"CBN-Pla-B1-20180906","[1743474]"
"CBN-Pla-B1-20190723","[1743474]"
"CBN-Pla-B1-20190814","[1743474]"
"CBN-Pla-B1-20200630","[1744412]"
"CBN-Pla-B1-20200723","[1743474]"
"CBN-Pla-B1-20200814","[1743474]"
"CBN-Pla-B2-20130724","[1737423]"
"CBN-Pla-B2-20130808","[1743474]"
"CBN-Pla-B2-20130904","[1392330]"
"CBN-Pla-B2-20140722","[1743474]"
"CBN-Pla-B2-20140812","[1392044]"
"CBN-Pla-B2-20140902","[1743474]"
"CBN-Pla-B2-20150702","[1743474]"
"CBN-Pla-B2-20150723","[1743474]"
"CBN-Pla-B2-20150811","[1743474]"
"CBN-Pla-B2-20150901","[1743474]"
"CBN-Pla-B2-20160707","[1743474]"
"CBN-Pla-B2-20160728","[1743474]"
"CBN-Pla-B2-20180724","[1743474]"
"CBN-Pla-B2-20180816","[1743474]"
"CBN-Pla-B2-20180906","[1743474]"
"CBN-Pla-B2-20190723","[1397046]"
"CBN-Pla-B2-20190814","[1743474]"
"CBN-Pla-B2-20200723","[1743474]"
"CBN-Pla-B2-20200814","[1743474]"
"CBN-Pla-B3-20130724","[1743474]"
"CBN-Pla-B3-20130808","[1743474]"
"CBN-Pla-B3-20130904","[1743474]"
"CBN-Pla-B3-20140722","[1743474]"
"CBN-Pla-B3-20140812","[1395870]"
"CBN-Pla-B3-20140902","[1743474]"
"CBN-Pla-B3-20150811","[1743474]"
"CBN-Pla-B3-20150901","[1743474]"
"CBN-Pla-B3-20160707","[1743474]"
"CBN-Pla-B3-20160728","[1743474]"
"CBN-Pla-B3-20180724","[1743474]"
"CBN-Pla-B3-20180816","[1743474]"
"CBN-Pla-B3-20180906","[1743474]"
"CBN-Pla-B3-20190723","[1743474]"
"CBN-Pla-B3-20190814","[1743474]"
"CBN-Pla-B3-20200723","[1743474]"
"CBN-Pla-B3-20200814","[1743474]"
"CBN-Pla-B4-20130724","[1743474]"
"CBN-Pla-B4-20130808","[1743474]"
"CBN-Pla-B4-20130904","[1397046]"
"CBN-Pla-B4-20140722","[1743474]"
"CBN-Pla-B4-20140812","[1743986]"
"CBN-Pla-B4-20140902","[1743474]"
"CBN-Pla-B4-20150702","[1743474]"
"CBN-Pla-B4-20150723","[1743474]"
"CBN-Pla-B4-20150811","[1743474]"
"CBN-Pla-B4-20150901","[1743474]"
"CBN-Pla-B4-20160707","[1743474]"
"CBN-Pla-B4-20160728","[1743474]"
"CBN-Pla-B4-20180724","[1743474]"
"CBN-Pla-B4-20180816","[1743474]"
"CBN-Pla-B4-20180906","[1743474]"
"CBN-Pla-B4-20190723","[1743474]"
"CBN-Pla-B4-20190814","[1743474]"
"CBN-Pla-B4-20200723","[1743474]"
"CBN-Pla-B4-20200814","[1743474]"
"CBN-Pla-B5-20130724","[1743474]"
"CBN-Pla-B5-20130808","[1743986]"
"CBN-Pla-B5-20130904","[1743474]"
"CBN-Pla-B5-20140722","[1507182]"
"CBN-Pla-B5-20140812","[1743474]"
"CBN-Pla-B5-20140902","[1743474]"
"CBN-Pla-B5-20150702","[1743474]"
"CBN-Pla-B5-20150723","[1743986]"
"CBN-Pla-B5-20150811","[1742054]"
"CBN-Pla-B5-20150901","[1481080]"
"CBN-Pla-B5-20160707","[1743474]"
"CBN-Pla-B5-20160728","[1507182]"
"CBN-Pla-B5-20180724","[1744208]"
"CBN-Pla-B5-20180816","[1742054]"
"CBN-Pla-B5-20180906","[1742054]"
"CBN-Pla-B5-20190723","[1743474]"
"CBN-Pla-B5-20190814","[1742054]"
"CBN-Pla-B5-20200723","[1743474]"
"CBN-Pla-B5-20200814","[1743474]"
"CBN-Pla-B6-20130724","[1743474]"
"CBN-Pla-B6-20130808","[1743474]"
"CBN-Pla-B6-20130904","[1743474]"
"CBN-Pla-B6-20140722","[1743474]"
"CBN-Pla-B6-20140812","[1399096]"
"CBN-Pla-B6-20140902","[1743474]"
"CBN-Pla-B6-20150702","[1743474]"
"CBN-Pla-B6-20150723","[1743474, 1396869]"
"CBN-Pla-B6-20150811","[1743474]"
"CBN-Pla-B6-20150901","[1743474]"
"CBN-Pla-B6-20160707","[1743474]"
"CBN-Pla-B6-20160728","[1743474]"
"CBN-Pla-B6-20180816","[1743474]"
"CBN-Pla-B6-20180906","[1743474]"
"CBN-Pla-B6-20190723","[1394543]"
"CBN-Pla-B6-20190814","[1390899]"
"CBN-Pla-B6-20200723","[1743474]"
"CBN-Pla-B6-20200814","[1743474]"
"CBN-Pla-C1-20130808","[1743474]"
"CBN-Pla-C1-20130904","[1743474]"
"CBN-Pla-C1-20150702","[1743474]"
"CBN-Pla-C1-20150723","[1743474]"
"CBN-Pla-C1-20150811","[1743474]"
"CBN-Pla-C1-20150901","[1743474]"
"CBN-Pla-C1-20160707","[1743474]"
"CBN-Pla-C1-20160728","[1743474]"
"CBN-Pla-C1-20180816","[1743474]"
"CBN-Pla-C1-20180906","[1743474]"
"CBN-Pla-C1-20190723","[1743474]"
"CBN-Pla-C1-20190814","[1743474]"
"CBN-Pla-C1-20200723","[1743474]"
"CBN-Pla-C1-20200814","[1743474]"
"CBN-Pla-C2-20130808","[1743474]"
"CBN-Pla-C2-20130904","[1743474]"
"CBN-Pla-C2-20140722","[1743474]"
"CBN-Pla-C2-20140902","[1743474]"
"CBN-Pla-C2-20150702","[1743474]"
"CBN-Pla-C2-20150723","[1651322]"
"CBN-Pla-C2-20150811","[1743474]"
"CBN-Pla-C2-20150901","[1394543]"
"CBN-Pla-C2-20160707","[1743474]"
"CBN-Pla-C2-20160728","[1743474]"
"CBN-Pla-C2-20180724","[1743474]"
"CBN-Pla-C2-20180816","[1743474]"
"CBN-Pla-C2-20180906","[1743474]"
"CBN-Pla-C2-20190723","[1743474]"
"CBN-Pla-C2-20190814","[1743474]"
"CBN-Pla-C2-20200723","[1743474]"
"CBN-Pla-C2-20200814","[1743474]"
"CBN-Pla-C3-20130808","[1743474]"
"CBN-Pla-C3-20130904","[1743474]"
"CBN-Pla-C3-20140722","[1743474]"
"CBN-Pla-C3-20140902","[1743474]"
"CBN-Pla-C3-20150702","[1743474]"
"CBN-Pla-C3-20150723","[1743474]"
"CBN-Pla-C3-20150811","[1743474]"
"CBN-Pla-C3-20150901","[1743474]"
"CBN-Pla-C3-20160707","[1743474]"
"CBN-Pla-C3-20160728","[1743474]"
"CBN-Pla-C3-20180724","[1743474]"
"CBN-Pla-C3-20180816","[1743474]"
"CBN-Pla-C3-20180906","[1743474]"
"CBN-Pla-C3-20190723","[1743474]"
"CBN-Pla-C3-20190814","[1743474]"
"CBN-Pla-C3-20200723","[1743474]"
"CBN-Pla-C3-20200814","[1743474]"
"CBN-Pla-C4-20130808","[1743474]"
"CBN-Pla-C4-20130904","[1390421]"
"CBN-Pla-C4-20140902","[1743474]"
"CBN-Pla-C4-20150702","[1743474]"
"CBN-Pla-C4-20150723","[1743474]"
"CBN-Pla-C4-20150811","[1389508]"
"CBN-Pla-C4-20150901","[1743474]"
"CBN-Pla-C4-20160707","[1743474]"
"CBN-Pla-C4-20160728","[1743474]"
"CBN-Pla-C4-20180724","[1743474]"
"CBN-Pla-C4-20180816","[1743474]"
"CBN-Pla-C4-20180906","[1743474]"
"CBN-Pla-C4-20190723","[1396869]"
"CBN-Pla-C4-20190814","[1743474]"
"CBN-Pla-C4-20200723","[1743474]"
"CBN-Pla-C4-20200814","[1743474]"
"CBN-Pla-C5-20130808","[1743474]"
"CBN-Pla-C5-20130904","[1507261]"
"CBN-Pla-C5-20140722","[1743474]"
"CBN-Pla-C5-20140902","[1743474]"
"CBN-Pla-C5-20150702","[1743474]"
"CBN-Pla-C5-20150723","[1507261]"
"CBN-Pla-C5-20150811","[1743474]"
"CBN-Pla-C5-20150901","[1743474]"
"CBN-Pla-C5-20160707","[1743474]"
"CBN-Pla-C5-20160728","[1397046]"
"CBN-Pla-C5-20180724","[1743474]"
"CBN-Pla-C5-20180816","[1743474]"
"CBN-Pla-C5-20180906","[1743474]"
"CBN-Pla-C5-20190723","[1743474]"
"CBN-Pla-C5-20190814","[1743474]"
"CBN-Pla-C5-20200723","[1743474]"
"CBN-Pla-C5-20200814","[1743474]"
"CBN-Pla-C6-20130808","[1743474]"
"CBN-Pla-C6-20130904","[1743474]"
"CBN-Pla-C6-20140902","[1651322]"
"CBN-Pla-C6-20150702","[1743474]"
"CBN-Pla-C6-20150723","[1743474]"
"CBN-Pla-C6-20150811","[1743474]"
"CBN-Pla-C6-20150901","[1743474]"
"CBN-Pla-C6-20160707","[1743474]"
"CBN-Pla-C6-20160728","[1743474]"
"CBN-Pla-C6-20180724","[1743474]"
"CBN-Pla-C6-20180816","[1743474]"
"CBN-Pla-C6-20180906","[1743474]"
"CBN-Pla-C6-20190723","[1743474]"
"CBN-Pla-C6-20190814","[1743474]"
"CBN-Pla-C6-20200723","[1743474]"
"CBN-Pla-C6-20200814","[1743474]"
"CBN-Pla-D1-20130808","[1743474]"
"CBN-Pla-D1-20130904","[1743474]"
"CBN-Pla-D1-20140722","[1743474]"
"CBN-Pla-D1-20140902","[1743474]"
"CBN-Pla-D1-20150702","[1743474]"
"CBN-Pla-D1-20150723","[1743474]"
"CBN-Pla-D1-20150811","[1743474]"
"CBN-Pla-D1-20150901","[1743474]"
"CBN-Pla-D1-20160707","[1743474]"
"CBN-Pla-D1-20160728","[1743474]"
"CBN-Pla-D1-20180724","[1743474]"
"CBN-Pla-D1-20180816","[1743474]"
"CBN-Pla-D1-20180906","[1743474]"
"CBN-Pla-D1-20190723","[1743474]"
"CBN-Pla-D1-20190814","[1743474]"
"CBN-Pla-D1-20200723","[1743474]"
"CBN-Pla-D1-20200814","[1743474]"
"CBN-Pla-D2-20130808","[1743474]"
"CBN-Pla-D2-20130904","[1400079, 1743474]"
"CBN-Pla-D2-20140722","[1743474]"
"CBN-Pla-D2-20140902","[1743474]"
"CBN-Pla-D2-20150702","[1743474]"
"CBN-Pla-D2-20150723","[1743474]"
"CBN-Pla-D2-20150811","[1743474]"
"CBN-Pla-D2-20150901","[1743474]"
"CBN-Pla-D2-20160707","[1743474]"
"CBN-Pla-D2-20160728","[1743474]"
"CBN-Pla-D2-20180724","[1743474]"
"CBN-Pla-D2-20180816","[1743474]"
"CBN-Pla-D2-20180906","[1743474]"
"CBN-Pla-D2-20190723","[1743474]"
"CBN-Pla-D2-20190814","[1743474]"
"CBN-Pla-D2-20200723","[1743474]"
"CBN-Pla-D2-20200814","[1357608]"
"CBN-Pla-D3-20130808","[1743474]"
"CBN-Pla-D3-20130904","[1743474]"
"CBN-Pla-D3-20140722","[1743474]"
"CBN-Pla-D3-20140902","[1395870]"
"CBN-Pla-D3-20150702","[1654025]"
"CBN-Pla-D3-20150723","[1395870]"
"CBN-Pla-D3-20150811","[1743474]"
"CBN-Pla-D3-20150901","[1743474]"
"CBN-Pla-D3-20160707","[1743474]"
"CBN-Pla-D3-20160728","[1651322]"
"CBN-Pla-D3-20180724","[1743474]"
"CBN-Pla-D3-20180816","[1390822]"
"CBN-Pla-D3-20180906","[1743474]"
"CBN-Pla-D3-20190723","[1743474]"
"CBN-Pla-D3-20190814","[1743474]"
"CBN-Pla-D3-20200723","[1743474]"
"CBN-Pla-D3-20200814","[1743474]"
"CBN-Pla-D4-20130808","[1393923]"
"CBN-Pla-D4-20130904","[1743474]"
"CBN-Pla-D4-20140722","[1743474]"
"CBN-Pla-D4-20140902","[1743474]"
"CBN-Pla-D4-20150702","[1743474]"
"CBN-Pla-D4-20150723","[1743474]"
"CBN-Pla-D4-20150811","[1743474]"
"CBN-Pla-D4-20150901","[1743474]"
"CBN-Pla-D4-20160707","[1743474]"
"CBN-Pla-D4-20160728","[1743474]"
"CBN-Pla-D4-20180724","[1743474]"
"CBN-Pla-D4-20180816","[1743474]"
"CBN-Pla-D4-20180906","[1743474]"
"CBN-Pla-D4-20190723","[1743474]"
"CBN-Pla-D4-20190814","[1743474]"
"CBN-Pla-D4-20200723","[1743474]"
"CBN-Pla-D4-20200814","[1743474]"
"CBN-Pla-D5-20130808","[1395870]"
"CBN-Pla-D5-20130904","[1743474]"
"CBN-Pla-D5-20140722","[1743474]"
"CBN-Pla-D5-20140902","[1743474]"
"CBN-Pla-D5-20150702","[1743474]"
"CBN-Pla-D5-20150723","[1743474]"
"CBN-Pla-D5-20150811","[1743474]"
"CBN-Pla-D5-20150901","[1359444]"
"CBN-Pla-D5-20160707","[1743474]"
"CBN-Pla-D5-20160728","[1743474]"
"CBN-Pla-D5-20180724","[1743474]"
"CBN-Pla-D5-20180816","[1744208]"
"CBN-Pla-D5-20180906","[1743474]"
"CBN-Pla-D5-20190723","[1743474]"
"CBN-Pla-D5-20190814","[1743474]"
"CBN-Pla-D5-20200723","[1622908]"
"CBN-Pla-D6-20130808","[1414270]"
"CBN-Pla-D6-20130904","[1395870]"
"CBN-Pla-D6-20140722","[1743986]"
"CBN-Pla-D6-20140902","[1743474]"
"CBN-Pla-D6-20150702","[1359444]"
"CBN-Pla-D6-20150723","[1548389]"
"CBN-Pla-D6-20150811","[1359444]"
"CBN-Pla-D6-20150901","[1472808]"
"CBN-Pla-D6-20160707","[1744208]"
"CBN-Pla-D6-20160728","[1359444]"
"CBN-Pla-D6-20180724","[1743474]"
"CBN-Pla-D6-20180816","[1743474]"
"CBN-Pla-D6-20180906","[1397046]"
"CBN-Pla-D6-20190723","[1397046]"
"CBN-Pla-D6-20190814","[1397046]"
"CBN-Pla-D6-20200723","[1743986]"
"CBN-Pla-D6-20200814","[1743474]"
"CBN-Pla-E1-20130808","[1743474]"
"CBN-Pla-E1-20130904","[1743474]"
"CBN-Pla-E1-20140722","[1743474]"
"CBN-Pla-E1-20140902","[1741624]"
"CBN-Pla-E1-20150702","[1743474]"
"CBN-Pla-E1-20150723","[1743474]"
"CBN-Pla-E1-20150901","[1743474]"
"CBN-Pla-E1-20160707","[1743474]"
"CBN-Pla-E1-20160728","[1743474]"
"CBN-Pla-E1-20180816","[1741624]"
"CBN-Pla-E1-20180906","[1394543]"
"CBN-Pla-E1-20190723","[1743474]"
"CBN-Pla-E1-20190814","[1743474]"
"CBN-Pla-E1-20200630","[1743474]"
"CBN-Pla-E1-20200723","[1359444]"
"CBN-Pla-E1-20200814","[1743474]"
"CBN-Pla-E2-20130808","[1743474]"
"CBN-Pla-E2-20130904","[1743474]"
"CBN-Pla-E2-20140722","[1743474]"
"CBN-Pla-E2-20140902","[1396253]"
"CBN-Pla-E2-20150702","[1743474]"
"CBN-Pla-E2-20150723","[1743474]"
"CBN-Pla-E2-20150901","[1743474]"
"CBN-Pla-E2-20160707","[1743474]"
"CBN-Pla-E2-20160728","[1743474]"
"CBN-Pla-E2-20180724","[1743474]"
"CBN-Pla-E2-20180816","[1743474, 1396253]"
"CBN-Pla-E2-20180906","[1743474]"
"CBN-Pla-E2-20190723","[1396253]"
"CBN-Pla-E2-20190814","[1743474]"
"CBN-Pla-E2-20200630","[1743474]"
"CBN-Pla-E2-20200723","[1738603]"
"CBN-Pla-E2-20200814","[1743474]"
"CBN-Pla-E3-20130808","[1743474]"
"CBN-Pla-E3-20130904","[1396253]"
"CBN-Pla-E3-20140722","[1743474]"
"CBN-Pla-E3-20140902","[1743474]"
"CBN-Pla-E3-20150702","[1743474]"
"CBN-Pla-E3-20150723","[1743474]"
"CBN-Pla-E3-20150811","[1743474]"
"CBN-Pla-E3-20150901","[1743474]"
"CBN-Pla-E3-20160707","[1743474]"
"CBN-Pla-E3-20160728","[1396253, 1743474]"
"CBN-Pla-E3-20180724","[1393923, 1743474]"
"CBN-Pla-E3-20180816","[1743474]"
"CBN-Pla-E3-20180906","[1743474]"
"CBN-Pla-E3-20190723","[1743474]"
"CBN-Pla-E3-20190814","[1743474]"
"CBN-Pla-E3-20200630","[1743474]"
"CBN-Pla-E3-20200723","[1743474]"
"CBN-Pla-E3-20200814","[1743474]"
"CBN-Pla-E4-20130808","[1743474, 1396253]"
"CBN-Pla-E4-20130904","[1743474]"
"CBN-Pla-E4-20140722","[1743474]"
"CBN-Pla-E4-20140902","[1743474]"
"CBN-Pla-E4-20150702","[1743474]"
"CBN-Pla-E4-20150811","[1743474]"
"CBN-Pla-E4-20150901","[1743474]"
"CBN-Pla-E4-20160707","[1743474]"
"CBN-Pla-E4-20160728","[1743474]"
"CBN-Pla-E4-20180724","[1743474, 1393923]"
"CBN-Pla-E4-20180816","[1743474]"
"CBN-Pla-E4-20180906","[1743474]"
"CBN-Pla-E4-20190723","[1743474]"
"CBN-Pla-E4-20190814","[1743474]"
"CBN-Pla-E4-20200630","[1363734]"
"CBN-Pla-E4-20200723","[1743474]"
"CBN-Pla-E4-20200814","[1743474]"
"CBN-Pla-E5-20130808","[1743474]"
"CBN-Pla-E5-20130904","[1743474]"
"CBN-Pla-E5-20140722","[1743474]"
"CBN-Pla-E5-20140902","[1743474]"
"CBN-Pla-E5-20150702","[1743474]"
"CBN-Pla-E5-20150723","[1743474]"
"CBN-Pla-E5-20150811","[1743474]"
"CBN-Pla-E5-20150901","[1743474]"
"CBN-Pla-E5-20160707","[1743474]"
"CBN-Pla-E5-20160728","[1743474]"
"CBN-Pla-E5-20180724","[1743474]"
"CBN-Pla-E5-20180816","[1743474]"
"CBN-Pla-E5-20180906","[1743474]"
"CBN-Pla-E5-20190723","[1743474]"
"CBN-Pla-E5-20190814","[1743474]"
"CBN-Pla-E5-20200630","[1467321]"
"CBN-Pla-E5-20200723","[1743474]"
"CBN-Pla-E5-20200814","[1743474]"
"CBN-Pla-E6-20130808","[1743474]"
"CBN-Pla-E6-20130904","[1743474]"
"CBN-Pla-E6-20140722","[1743474]"
"CBN-Pla-E6-20140902","[1651322]"
"CBN-Pla-E6-20150702","[1743474]"
"CBN-Pla-E6-20150723","[1743474]"
"CBN-Pla-E6-20150811","[1743474]"
"CBN-Pla-E6-20150901","[1743474]"
"CBN-Pla-E6-20160707","[1743474]"
"CBN-Pla-E6-20160728","[1743474]"
"CBN-Pla-E6-20180724","[1393923]"
"CBN-Pla-E6-20180816","[1743474]"
"CBN-Pla-E6-20180906","[1743474]"
"CBN-Pla-E6-20190723","[1738603]"
"CBN-Pla-E6-20190814","[1743474]"
"CBN-Pla-E6-20200723","[1743474]"
"CBN-Pla-E6-20200814","[1741624]"
"CBN-Pla-F1-20130808","[1743474]"
"CBN-Pla-F1-20130904","[1743474]"
"CBN-Pla-F1-20140722","[1743474]"
"CBN-Pla-F1-20140902","[1743474]"
"CBN-Pla-F1-20150702","[1743474]"
"CBN-Pla-F1-20150723","[1743474]"
"CBN-Pla-F1-20150901","[1743474]"
"CBN-Pla-F1-20160707","[1743474]"
"CBN-Pla-F1-20160728","[1741624]"
"CBN-Pla-F1-20180724","[1743474]"
"CBN-Pla-F1-20180816","[1741624]"
"CBN-Pla-F1-20180906","[1743474]"
"CBN-Pla-F1-20190723","[1743474]"
"CBN-Pla-F1-20190814","[1743474]"
"CBN-Pla-F1-20200630","[1390822]"
"CBN-Pla-F1-20200723","[1741624]"
"CBN-Pla-F1-20200814","[1743474]"
"CBN-Pla-F2-20130808","[1743474]"
"CBN-Pla-F2-20130904","[1743474]"
"CBN-Pla-F2-20140722","[1743474]"
"CBN-Pla-F2-20140902","[1743474]"
"CBN-Pla-F2-20150702","[1743474]"
"CBN-Pla-F2-20150723","[1743474]"
"CBN-Pla-F2-20150901","[1743474]"
"CBN-Pla-F2-20160707","[1743474]"
"CBN-Pla-F2-20160728","[1743474]"
"CBN-Pla-F2-20180724","[1743474, 1737508]"
"CBN-Pla-F2-20180816","[1743474]"
"CBN-Pla-F2-20180906","[1744208]"
"CBN-Pla-F2-20190723","[1390822]"
"CBN-Pla-F2-20190814","[1743474]"
"CBN-Pla-F2-20200630","[1564349]"
"CBN-Pla-F2-20200723","[1741624]"
"CBN-Pla-F2-20200814","[1743474]"
"CBN-Pla-F3-20130808","[1743474]"
"CBN-Pla-F3-20130904","[1743474]"
"CBN-Pla-F3-20140722","[1743474]"
"CBN-Pla-F3-20140902","[1743474]"
"CBN-Pla-F3-20150702","[1743474]"
"CBN-Pla-F3-20150723","[1743474]"
"CBN-Pla-F3-20150811","[1743474]"
"CBN-Pla-F3-20150901","[1743474]"
"CBN-Pla-F3-20160707","[1743474]"
"CBN-Pla-F3-20160728","[1743474]"
"CBN-Pla-F3-20180724","[1743474]"
"CBN-Pla-F3-20180816","[1743474]"
"CBN-Pla-F3-20180906","[1743474]"
"CBN-Pla-F3-20190723","[1743474]"
"CBN-Pla-F3-20190814","[1743474]"
"CBN-Pla-F3-20200630","[1628819]"
"CBN-Pla-F3-20200723","[1743474]"
"CBN-Pla-F3-20200814","[1743474]"
"CBN-Pla-F4-20130808","[1743474]"
"CBN-Pla-F4-20130904","[1743474]"
"CBN-Pla-F4-20140722","[1743474]"
"CBN-Pla-F4-20150723","[1651322]"
"CBN-Pla-F4-20150811","[1651322]"
"CBN-Pla-F4-20150901","[1743474]"
"CBN-Pla-F4-20160707","[1743474]"
"CBN-Pla-F4-20160728","[1743474]"
"CBN-Pla-F4-20180724","[1743474]"
"CBN-Pla-F4-20180816","[1743474]"
"CBN-Pla-F4-20180906","[1743474]"
"CBN-Pla-F4-20190723","[1743474]"
"CBN-Pla-F4-20190814","[1743474]"
"CBN-Pla-F4-20200630","[1425584]"
"CBN-Pla-F4-20200723","[1743474]"
"CBN-Pla-F4-20200814","[1743474]"
"CBN-Pla-F5-20130808","[1743474]"
"CBN-Pla-F5-20130904","[1743474]"
"CBN-Pla-F5-20140722","[1743474]"
"CBN-Pla-F5-20140902","[1651322]"
"CBN-Pla-F5-20150702","[1743474]"
"CBN-Pla-F5-20150723","[1651322]"
"CBN-Pla-F5-20150811","[1651322]"
"CBN-Pla-F5-20150901","[1392336]"
"CBN-Pla-F5-20160707","[1743474]"
"CBN-Pla-F5-20160728","[1743474]"
"CBN-Pla-F5-20180724","[1743101]"
"CBN-Pla-F5-20180816","[1743474]"
"CBN-Pla-F5-20180906","[1744241]"
"CBN-Pla-F5-20190723","[1744208]"
"CBN-Pla-F5-20190814","[1743474]"
"CBN-Pla-F5-20200723","[1393923]"
"CBN-Pla-F5-20200814","[1744241]"
"CBN-Pla-F6-20130808","[1743474]"
"CBN-Pla-F6-20130904","[1743474]"
"CBN-Pla-F6-20140722","[1743474]"
"CBN-Pla-F6-20140902","[1651322]"
"CBN-Pla-F6-20150702","[1393923]"
"CBN-Pla-F6-20150723","[1744208]"
"CBN-Pla-F6-20150811","[1743474]"
"CBN-Pla-F6-20150901","[1743474]"
"CBN-Pla-F6-20160707","[1743474]"
"CBN-Pla-F6-20160728","[1743474]"
"CBN-Pla-F6-20180724","[1743474]"
"CBN-Pla-F6-20180816","[1651358]"
"CBN-Pla-F6-20180906","[1743474]"
"CBN-Pla-F6-20190723","[1393923]"
"CBN-Pla-F6-20190814","[1651322]"
"CBN-Pla-F6-20200723","[1390899]"
"CBN-Pla-F6-20200814","[1744241]"
"CBN-Pyr-01-20230706","[1651322, 1396843, 1394444]"
"CBN-Pyr-03-20230706","[1397512, 1743474]"
"CBN-can-A1-20230705","[1390421, 1392264, 1392608, 1744208, 1360299]"
"CBN-can-A2-20230705","[1390421, 1392662]"
"CBN-can-A3-20230705","[1390421, 1412857, 1394643]"
"CBN-can-A5-20230705","[1397475, 1358517]"
"CBN-can-A6-20230705","[1390421, 1397475, 1400101, 1741661]"
"CBN-can-B1-20230705","[1390421, 1392608, 1355995, 1392612, 1744208]"
"CBN-can-B2-20230705","[1390421, 1400101, 1392264, 1392608, 1395807]"
"CBN-can-B3-20230705","[1390421, 1412857, 1395870, 1393200, 1395807]"
"CBN-can-B4-20230705","[1397475, 1358517, 1391648, 1400101, 1390421]"
"CBN-can-B5-20230705","[1397475, 1390421, 1400101, 1358517, 1400159]"
"CBN-can-B6-20230705","[1397475, 1390421]"
"CBN-can-C1-20230705","[1531441]"
"CBN-can-C2-20230705","[1390421, 1395807]"
"CBN-can-C3-20230705","[1393679]"
"CBN-can-C4-20230705","[1390421]"
"CBN-can-D1-20230705","[1390421]"
"CBN-can-D2-20230705","[1390421, 1412857, 1651322]"
"CBN-can-D3-20230705","[1744241]"
"CBN-can-D4-20230705","[1400101]"
"CBN-can-E1-20230706","[1390421, 1392612, 1392608, 1394542]"
"CBN-can-E2-20230706","[1395807, 1651322, 1395870]"
"CBN-can-E3-20230706","[1651322, 1381430, 1531441, 1397430, 1390421, 1392534, 1395807, 1392535]"
"CBN-can-E4-20230706","[1397430, 1651322]"
"CBN-can-E5-20230706","[1392608, 1390421, 1392612]"
"CBN-can-E6-20230706","[1395807, 1390421]"
"CBN-can-F1-20230705","[1651322]"
"CBN-can-F2-20230706","[1651322, 1390421, 1395807, 1395870]"
"CBN-can-F3-20230706","[1531441, 1397430, 1742895, 1395807]"
"CBN-can-F4-20230706","[1397430, 1390421, 1531441, 1651322]"
"CBN-can-F5-20230706","[1390421, 1392608, 1531441, 1651322]"
"GUARDEN-AMB-CF04-1-10-20240325","[1359344, 1452750]"
"GUARDEN-AMB-CF04-1-5-20240325","[1363882, 1358333, 1363302]"
"GUARDEN-AMB-CF21-1-1-20240326","[1388812, 1491514, 1357593, 1390421]"
"GUARDEN-AMB-CF21-1-10-20240326","[1722619]"
"GUARDEN-AMB-CF21-1-2-20240326","[1360719, 1359344]"
"GUARDEN-AMB-CF21-1-3-20240326","[1359344, 1360719, 1393522, 1390761, 1722441, 1358203, 1531432]"
"GUARDEN-AMB-CF21-1-4-20240326","[1359344, 1360978, 1721018, 1363302]"
"GUARDEN-AMB-CF21-1-5-20240326","[1359344, 1390421, 1531432]"
"GUARDEN-AMB-CF21-1-6-20240326","[1359344, 1722619, 1393474]"
"GUARDEN-AMB-CF21-1-7-20240326","[1722619, 1361088, 1359344, 1388812, 1721018, 1360719]"
"GUARDEN-AMB-CF21-1-8-20240326","[1359344, 1722619, 1531432, 1363302]"
"GUARDEN-AMB-CF21-1-9-20240326","[1722619, 1390421, 1392181, 1357742]"
"GUARDEN-AMB-GV04-1-3-20240326","[1359297, 1359344, 1363700, 1491514, 1361412, 1359298, 1393474]"
"GUARDEN-AMB-GV04-1-4-20240326","[1359297, 1359344, 1356282]"
"GUARDEN-AMB-GV04-1-5-20240326","[1359297, 1390421]"
"GUARDEN-AMB-GV04-1-6-20240326","[1359297, 1359344, 1363700]"
"GUARDEN-AMB-GV04-1-7-20240326","[1359297, 1363882]"
"GUARDEN-AMB-PR13-1-10-20240417","[1359297, 1721018, 1390421]"
"GUARDEN-AMB-PR13-1-2-20240417","[1360701, 1721018, 1359297, 1364037, 1467321]"
"GUARDEN-AMB-PR13-1-3-20240417","[1360701, 1721018, 1359297, 1359344, 1364037]"
"GUARDEN-AMB-PR13-1-4-20240417","[1364037, 1721018, 1722433, 1359452, 1651204, 1393522]"
"GUARDEN-AMB-PR13-1-8-20240417","[1359344, 1359297, 1721018, 1722619]"
"GUARDEN-AMB-PR20-1-1-20240424","[1722441, 1722433, 1393522, 1361412]"
"GUARDEN-AMB-PR20-1-10-20240424","[1359297, 1359344]"
"GUARDEN-AMB-PR20-1-8-20240424","[1359344, 1359297, 1394414, 1361412, 1419915, 1722506]"
"GUARDEN-AMB-SA03-1-1-20240626","[1722433, 1359344, 1722441, 1361412, 1359452]"
"GUARDEN-AMB-SA03-1-10-20240626","[1742852]"
"GUARDEN-AMB-SA03-1-2-20240626","[1359344, 1722441]"
"GUARDEN-AMB-SA03-1-3-20240626","[1359344, 1722619, 1359297]"
"GUARDEN-AMB-SA03-1-4-20240626","[1359344, 1722619, 1390421, 1360978]"
"GUARDEN-AMB-SA03-1-5-20240626","[1359344, 1360719, 1360978, 1359297, 1722441, 1359413]"
"GUARDEN-AMB-SA03-1-9-20240626","[1359297, 1359344, 1356905, 1392181, 1356333, 1390421, 1531432]"
"GUARDEN-AMB-VC03-1-3-20240417","[1359344, 1356905, 1390421, 1360719]"
"GUARDEN-AMB-VC03-1-4-20240417","[1359344, 1356905, 1390421]"
"GUARDEN-AMB-VC03-1-5-20240417","[1359297, 1356905, 1356907, 1390421, 1359169, 1391532, 1357509, 1392775]"
"GUARDEN-AMB-VC03-1-6-20240417","[1359344, 1359297, 1392181, 1391532, 1390421]"
"GUARDEN-CBNMed-10-1-16-34-20240429","[1358503]"
"GUARDEN-CBNMed-10-10-17-19-20240429","[1358613]"
"GUARDEN-CBNMed-10-5-16-55-20240429","[1356785, 1358613, 1356784, 1358503, 1357111, 1393254]"
"GUARDEN-CBNMed-10-6-17-02-20240429","[1356785, 1358613, 1359678, 1393632, 1356784]"
"GUARDEN-CBNMed-10-7-17-05-20240429","[1358613]"
"GUARDEN-CBNMed-10-8-17-11-20240429","[1358613]"
"GUARDEN-CBNMed-10-9-17-16-20240429","[1358613]"
"GUARDEN-CBNMed-14-3-9-45-20240429","[1363823]"
"GUARDEN-CBNMed-14-4-9-49-20240429","[1363823]"
"GUARDEN-CBNMed-14-9-10-09-20240429","[1363823, 1359677, 1359678]"
"GUARDEN-CBNMed-15-10-12-17-20240429","[1361363]"
"GUARDEN-CBNMed-15-5-11-44-20240429","[1363468]"
"GUARDEN-CBNMed-15-7-12-02-20240429","[1363468]"
"GUARDEN-CBNMed-15-9-12-15-20240429","[1394523]"
"GUARDEN-CBNMed-16-1-13-37-20240429","[1357114, 1722409]"
"GUARDEN-CBNMed-16-10-14-33-20240429","[1722409, 1744243, 1363707, 1361005]"
"GUARDEN-CBNMed-16-2-13-45-20240429","[1363707]"
"GUARDEN-CBNMed-16-3-13-51-20240429","[1363707]"
"GUARDEN-CBNMed-16-4-13-57-20240429","[1722409]"
"GUARDEN-CBNMed-16-6-14-07-20240429","[1722409]"
"GUARDEN-CBNMed-16-7-14-1-20240429","[1722409]"
"GUARDEN-CBNMed-16-8-14-14-20240429","[1722409, 1361892, 1744243]"
"GUARDEN-CBNMed-17-3-10-56-20240429","[1361106]"
"GUARDEN-CBNMed-17-5-11-2-20240429","[1363328]"
"GUARDEN-CBNMed-19-1-15-24-20240429","[1357293, 1357743, 1396055, 1358478]"
"GUARDEN-CBNMed-19-10-16-02-20240429","[1361926, 1358478]"
"GUARDEN-CBNMed-19-2-15-31-20240429","[1358478, 1361926]"
"GUARDEN-CBNMed-19-3-15-35-20240429","[1356323]"
"GUARDEN-CBNMed-19-4-15-39-20240429","[1358478, 1361926, 1396063]"
"GUARDEN-CBNMed-19-5-15-44-20240429","[1358478, 1361926]"
"GUARDEN-CBNMed-19-6-15-48-20240429","[1361117]"
"GUARDEN-CBNMed-19-7-15-51-20240429","[1364168, 1358478]"
"GUARDEN-CBNMed-19-8-15-53-20240429","[1357815, 1364168]"
"GUARDEN-CBNMed-19-9-15-58-20240429","[1358478, 1396055, 1361926, 1396063]"
"GUARDEN-CBNMed-20-1-9-35-20240428","[1360443, 1398721]"
"GUARDEN-CBNMed-20-10-10-31-20240428","[1359216]"
"GUARDEN-CBNMed-20-8-10-19-20240428","[1360999]"
"GUARDEN-CBNMed-20-9-10-23-20240428","[1359216]"
"GUARDEN-CBNMed-21-10-11-42-20240428","[1392324]"
"GUARDEN-CBNMed-21-2-11-07-20240428","[1360999]"
"GUARDEN-CBNMed-21-3-11-09-20240428","[1388770, 1393365, 1393364]"
"GUARDEN-CBNMed-21-6-11-17-20240428","[1360204]"
"GUARDEN-CBNMed-21-8-11-23-20240428","[1357114]"
"GUARDEN-CBNMed-21-9-11-32-20240428","[1393992]"
"GUARDEN-CBNMed-22-1-13-39-20240428","[1370637, 1358577]"
"GUARDEN-CBNMed-22-10-14-48-20240428","[1743244]"
"GUARDEN-CBNMed-22-2-14-05-20240428","[1722522]"
"GUARDEN-CBNMed-22-5-14-21-20240428","[1722522]"
"GUARDEN-CBNMed-22-6-14-23-20240428","[1722522]"
"GUARDEN-CBNMed-22-7-14-25-20240428","[1722522, 1722521]"
"GUARDEN-CBNMed-22-9-14-42-20240428","[1722522]"
"GUARDEN-CBNMed-23-1-9-56-20240428","[1360999]"
"GUARDEN-CBNMed-23-10-10-42-20240428","[1399609]"
"GUARDEN-CBNMed-23-3-10-14-20240428","[1399609]"
"GUARDEN-CBNMed-23-4-10-17-20240428","[1399609]"
"GUARDEN-CBNMed-23-5-10-21-20240428","[1360711, 1399609, 1359216]"
"GUARDEN-CBNMed-23-6-10-24-20240428","[1393365, 1399609, 1393364]"
"GUARDEN-CBNMed-23-7-10-28-20240428","[1393365, 1399609]"
"GUARDEN-CBNMed-23-8-10-34-20240428","[1399609]"
"GUARDEN-CBNMed-23-9-10-39-20240428","[1399609]"
"GUARDEN-CBNMed-24-10-13-06-20240428","[1396809]"
"GUARDEN-CBNMed-24-2-12-04-20240428","[1362462]"
"GUARDEN-CBNMed-24-3-12-15-20240428","[1390740]"
"GUARDEN-CBNMed-24-5-12-36-20240428","[1390740]"
"GUARDEN-CBNMed-24-6-12-46-20240428","[1360711, 1360701]"
"GUARDEN-CBNMed-24-7-12-54-20240428","[1360709, 1360711]"
"GUARDEN-CBNMed-24-8-14-58-20240428","[1397420]"
"GUARDEN-CBNMed-24-9-13-02-20240428","[1357672]"
"GUARDEN-CBNMed-25-1-13-52-20240428","[1360739, 1361892, 1394527]"
"GUARDEN-CBNMed-25-10-14-49-20240428","[1357743, 1357981, 1357293, 1394527]"
"GUARDEN-CBNMed-25-2-13-57-20240428","[1684273]"
"GUARDEN-CBNMed-25-3-14-06-20240428","[1394527]"
"GUARDEN-CBNMed-25-4-14-15-20240428","[1357815, 1357743, 1357293, 1394527]"
"GUARDEN-CBNMed-25-7-14-28-20240428","[1357981]"
"GUARDEN-CBNMed-25-8-14-39-20240428","[1357743, 1357293, 1357981]"
"GUARDEN-CBNMed-25-9-14-43-20240428","[1357981, 1357815]"
"GUARDEN-CBNMed-26-10-10-01-20240428","[1359344]"
"GUARDEN-CBNMed-26-6-9-34-20240428","[1738652]"
"GUARDEN-CBNMed-26-8-9-45-20240428","[1359344]"
"GUARDEN-CBNMed-26-9-9-48-20240428","[1359344]"
"GUARDEN-CBNMed-27-1-11-17-20240428","[1360054]"
"GUARDEN-CBNMed-27-10-11-55-20240428","[1722522]"
"GUARDEN-CBNMed-27-2-11-32-20240428","[1396290]"
"GUARDEN-CBNMed-27-3-11-36-20240428","[1722522]"
"GUARDEN-CBNMed-27-4-11-39-20240428","[1722522, 1722625]"
"GUARDEN-CBNMed-27-5-11-4-20240428","[1722522, 1722625]"
"GUARDEN-CBNMed-27-6-11-42-20240428","[1722522, 1722521]"
"GUARDEN-CBNMed-27-7-11-43-20240428","[1722522, 1722521]"
"GUARDEN-CBNMed-27-8-11-45-20240428","[1722522]"
"GUARDEN-CBNMed-27-9-11-47-20240428","[1360054]"
"GUARDEN-CBNMed-28-1-12-46-20240428","[1722522, 1722521]"
"GUARDEN-CBNMed-28-10-13-23-20240428","[1360558]"
"GUARDEN-CBNMed-28-2-12-48-20240428","[1722522]"
"GUARDEN-CBNMed-28-3-12-51-20240428","[1722522, 1722521]"
"GUARDEN-CBNMed-28-4-12-52-20240428","[1360054, 1722522, 1722521]"
"GUARDEN-CBNMed-28-5-13-02-20240428","[1360054]"
"GUARDEN-CBNMed-28-6-13-06-20240428","[1357705, 1722522]"
"GUARDEN-CBNMed-28-7-13-11-20240428","[1357705, 1722522, 1361412]"
"GUARDEN-CBNMed-28-8-13-14-20240428","[1357705]"
"GUARDEN-CBNMed-28-9-13-17-20240428","[1722522, 1722521]"
"GUARDEN-CBNMed-29-6-14-31-20240428","[1360719, 1359344, 1722433]"
"GUARDEN-CBNMed-29-7-14-34-20240428","[1360701, 1360719, 1361412]"
"GUARDEN-CBNMed-30-1-16-07-20240428","[1394019, 1361953, 1393770, 1361412]"
"GUARDEN-CBNMed-30-10-16-41-20240428","[1359344, 1722433]"
"GUARDEN-CBNMed-30-2-16-23-20240428","[1359344, 1357227]"
"GUARDEN-CBNMed-30-4-16-3-20240428","[1359344, 1357227, 1357713, 1388812]"
"GUARDEN-CBNMed-30-6-16-34-20240428","[1359344]"
"GUARDEN-CBNMed-30-7-16-35-20240428","[1359344]"
"GUARDEN-CBNMed-30-8-16-37-20240428","[1359344, 1396883, 1358203]"
"GUARDEN-CBNMed-30-9-16-4-20240428","[1359344, 1396883]"
"GUARDEN-CBNMed-31-1-9-37-20240428","[1393770]"
"GUARDEN-CBNMed-31-10-10-06-20240428","[1414353, 1422217]"
"GUARDEN-CBNMed-31-2-9-4-20240428","[1355977, 1363433, 1358581]"
"GUARDEN-CBNMed-31-3-9-44-20240428","[1393770]"
"GUARDEN-CBNMed-31-4-9-48-20240428","[1355977, 1393770, 1358581]"
"GUARDEN-CBNMed-31-5-9-51-20240428","[1393770]"
"GUARDEN-CBNMed-31-6-9-54-20240428","[1363882, 1393770]"
"GUARDEN-CBNMed-31-7-9-56-20240428","[1363882, 1393770, 1722578]"
"GUARDEN-CBNMed-31-8-10-20240428","[1422217, 1414353, 1722578, 1744001]"
"GUARDEN-CBNMed-31-9-10-02-20240428","[1393770]"
"GUARDEN-CBNMed-32-1-11-46-20240428","[1399609, 1392725, 1397398]"
"GUARDEN-CBNMed-32-10-13-12-20240428","[1396726]"
"GUARDEN-CBNMed-32-2-11-58-20240428","[1452695]"
"GUARDEN-CBNMed-32-3-12-01-20240428","[1393770]"
"GUARDEN-CBNMed-32-4-12-12-20240428","[1499783]"
"GUARDEN-CBNMed-32-9-13-07-20240428","[1393770]"
"GUARDEN-CBNMed-33-1-14-48-20240428","[1399609, 1397398, 1392725, 1357630]"
"GUARDEN-CBNMed-33-10-15-59-20240428","[1361412, 1397498]"
"GUARDEN-CBNMed-33-2-15-01-20240428","[1399609, 1357630, 1392725, 1397398, 1509616]"
"GUARDEN-CBNMed-33-3-15-04-20240428","[1399609, 1392725, 1357630, 1397398, 1361412]"
"GUARDEN-CBNMed-33-4-15-26-20240428","[1399609]"
"GUARDEN-CBNMed-33-5-15-29-20240428","[1358478, 1399609, 1396063, 1397398]"
"GUARDEN-CBNMed-33-6-15-36-20240428","[1399609, 1397398, 1357630, 1392725]"
"GUARDEN-CBNMed-33-7-15-43-20240428","[1357004, 1399609]"
"GUARDEN-CBNMed-33-8-15-5-20240428","[1399609, 1392725, 1397398, 1357630]"
"GUARDEN-CBNMed-33-9-15-56-20240428","[1422217, 1399609, 1358349, 1397398, 1363882, 1414367, 1422218]"
"GUARDEN-CBNMed-38-1-12-58-20240428","[1395162, 1360321]"
"GUARDEN-CBNMed-38-4-14-39-20240428","[1395162]"
"GUARDEN-CBNMed-38-6-15-04-20240428","[1360711, 1360709]"
"GUARDEN-CBNMed-39-10-12-02-20240531","[1360711]"
"GUARDEN-CBNMed-39-7-11-3-20240531","[1422217]"
"GUARDEN-CBNMed-39-8-11-39-20240531","[1360709]"
"GUARDEN-CBNMed-39-9-11-5-20240531","[1720971]"
"GUARDEN-CBNMed-44-7-12-03-20240629","[1392059]"
"GUARDEN-CBNMed-5-1-12-38-20240430","[1414366]"
"GUARDEN-CBNMed-5-10-13-32-20240430","[1414366, 1414367, 1356007]"
"GUARDEN-CBNMed-5-2-12-45-20240430","[1414366, 1720971, 1414367, 1414356]"
"GUARDEN-CBNMed-5-3-12-56-20240430","[1393992]"
"GUARDEN-CBNMed-5-4-13-20240430","[1363491]"
"GUARDEN-CBNMed-5-5-13-04-20240430","[1393668]"
"GUARDEN-CBNMed-5-6-13-07-20240430","[1414367, 1414366]"
"GUARDEN-CBNMed-5-7-13-17-20240430","[1361316]"
"GUARDEN-CBNMed-5-8-13-22-20240430","[1414367, 1361316]"
"GUARDEN-CBNMed-5-9-13-27-20240430","[1363491]"
"GUARDEN-CBNMed-6-9-15-28-20240430","[1363671]"
"GUARDEN-CBNMed-8-10-12-59-20240429","[1358613]"
"GUARDEN-CBNMed-8-4-12-33-20240429","[1744243, 1722409, 1363707]"
"GUARDEN-CBNMed-8-8-12-51-20240429","[1361000, 1363707, 1432776, 1361001]"
"GUARDEN-CBNMed-8-9-12-56-20240429","[1361000, 1358613, 1356576]"
"GUARDEN-CBNMed-9-10-16-16-20240429","[1363707]"
"GUARDEN-CBNMed-9-2-15-46-20240429","[1358509]"
"GUARDEN-CBNMed-9-6-16-04-20240429","[1358613, 1356576]"
"GUARDEN-CBNMed-9-7-16-06-20240429","[1358613]"
"GUARDEN-CBNMed-9-8-16-08-20240429","[1358613]"
"GUARDEN-CBNMed-9-9-16-14-20240429","[1363707]"
"LISAH-BOU-0-10-20230523","[1363835, 1363832]"
"LISAH-BOU-0-101-20240425","[1425238, 1359353]"
"LISAH-BOU-0-104-20240502","[1356276, 1356396, 1356464, 1391724]"
"LISAH-BOU-0-105-20240502","[1356396, 1356276]"
"LISAH-BOU-0-108-20240502","[1356276, 1359772, 1359762, 1359767, 1392740, 1391724, 1359800, 1392384]"
"LISAH-BOU-0-109-20240502","[1355990, 1364170, 1396309]"
"LISAH-BOU-0-110-20240502","[1391724, 1360417, 1397608, 1356276]"
"LISAH-BOU-0-111-20240502","[1356276, 1355908, 1360417, 1359792]"
"LISAH-BOU-0-113-20240502","[1358347, 1356276, 1412238, 1388806]"
"LISAH-BOU-0-114-20240502","[1360417, 1360385, 1360416, 1355908, 1362447, 1388806]"
"LISAH-BOU-0-117-20240502","[1360417, 1360385, 1364170, 1356013]"
"LISAH-BOU-0-118-20240502","[1356013, 1356276]"
"LISAH-BOU-0-14-20230511","[1363468]"
"LISAH-BOU-0-15-20230511","[1356013]"
"LISAH-BOU-0-153-20240502","[1393992]"
"LISAH-BOU-0-154-20240502","[1390637, 1356013]"
"LISAH-BOU-0-157-20240502","[1356013, 1364006, 1361306]"
"LISAH-BOU-0-16-20230511","[1363835, 1363832]"
"LISAH-BOU-0-160-20240502","[1356013, 1363835]"
"LISAH-BOU-0-163-20240502","[1363944, 1358257, 1361307, 1392594, 1356008, 1363947]"
"LISAH-BOU-0-164-20240502","[1390637, 1363835, 1357330, 1356013, 1363944, 1363947, 1358643, 1357332, 1359639, 1361306]"
"LISAH-BOU-0-165-20240502","[1363835, 1356013]"
"LISAH-BOU-0-167-20240502","[1363731, 1358478, 1359356]"
"LISAH-BOU-0-168-20240502","[1363731, 1361307, 1361306, 1359639]"
"LISAH-BOU-0-170-20240502","[1363731]"
"LISAH-BOU-0-171-20240502","[1363731, 1359356, 1357351]"
"LISAH-BOU-0-172-20240502","[1363731, 1359639, 1359356]"
"LISAH-BOU-0-173-20240502","[1363731, 1358654, 1359639, 1363947, 1363944]"
"LISAH-BOU-0-174-20240502","[1363731]"
"LISAH-BOU-0-175-20240502","[1363731, 1425238, 1359356]"
"LISAH-BOU-0-183-20240502","[1359639, 1363731, 1363947, 1363944]"
"LISAH-BOU-0-187-20240502","[1359639, 1363947, 1363944, 1363731]"
"LISAH-BOU-0-191-20240502","[1358478, 1359268, 1414353]"
"LISAH-BOU-0-2-20240425","[1356276, 1357870, 1391724, 1737437]"
"LISAH-BOU-0-24-20230512","[1361000, 1360354, 1389311, 1360385, 1399827]"
"LISAH-BOU-0-24-20240425","[1360161, 1356013, 1389311, 1360354, 1391301, 1391298, 1669246]"
"LISAH-BOU-0-25-20230512","[1389311, 1362100, 1360354, 1392177, 1394509, 1668976]"
"LISAH-BOU-0-25-20230711","[1360825]"
"LISAH-BOU-0-28-20240425","[1361000, 1389311, 1360354, 1395507, 1360417, 1361002, 1360385]"
"LISAH-BOU-0-29-20230523","[1422218, 1422217]"
"LISAH-BOU-0-29-20230621","[1363212, 1360816]"
"LISAH-BOU-0-29-20240425","[1389311, 1361000, 1394509, 1360354, 1669246, 1397356, 1360417, 1395507, 1391354]"
"LISAH-BOU-0-3-20230721","[1363433]"
"LISAH-BOU-0-30-20230512","[1356017, 1356012, 1389311, 1360354, 1668685]"
"LISAH-BOU-0-30-20240425","[1389311, 1360354, 1669246, 1395412, 1398247, 1743317, 1356013, 1668976]"
"LISAH-BOU-0-31-20230919","[1363433]"
"LISAH-BOU-0-31-20240425","[1360417, 1356013, 1356017, 1669246, 1356012, 1389311]"
"LISAH-BOU-0-32-20230516","[1390933]"
"LISAH-BOU-0-32-20240425","[1356012, 1356017, 1389311, 1360354, 1395507, 1363216]"
"LISAH-BOU-0-34-20230516","[1393992]"
"LISAH-BOU-0-35-20240425","[1389311, 1356012, 1356017, 1360354, 1743317]"
"LISAH-BOU-0-36-20240425","[1397356, 1356012, 1356017]"
"LISAH-BOU-0-37-20230512","[1361000, 1394509, 1397356, 1398197]"
"LISAH-BOU-0-37-20240425","[1361000, 1356012, 1389311, 1356017]"
"LISAH-BOU-0-38-20230516","[1356013, 1363835]"
"LISAH-BOU-0-39-20230512","[1397356, 1361000]"
"LISAH-BOU-0-4-20230511","[1363468]"
"LISAH-BOU-0-4-20230711","[1364006, 1356803, 1356396, 1364037]"
"LISAH-BOU-0-4-20240425","[1356013, 1356396, 1397395]"
"LISAH-BOU-0-40-20230512","[1361000, 1363216, 1394509, 1397356]"
"LISAH-BOU-0-40-20240425","[1397356, 1394509, 1389311, 1360354]"
"LISAH-BOU-0-41-20230512","[1394509, 1397356]"
"LISAH-BOU-0-42-20230511","[1361117, 1356013]"
"LISAH-BOU-0-43-20230512","[1363835, 1363832, 1397356]"
"LISAH-BOU-0-44-20240425","[1359639]"
"LISAH-BOU-0-5-20230512","[1356276]"
"LISAH-BOU-0-5-20230711","[1356803]"
"LISAH-BOU-0-50-20230512","[1361307, 1361306, 1422218, 1422217, 1394696]"
"LISAH-BOU-0-52-20230512","[1363947, 1363944, 1359639, 1363468, 1361306, 1359625, 1363467]"
"LISAH-BOU-0-54-20230512","[1394696]"
"LISAH-BOU-0-55-20230512","[1363947, 1359639, 1363944, 1363945, 1359625, 1362102, 1362856]"
"LISAH-BOU-0-56-20230512","[1363947, 1363944, 1359639, 1394627]"
"LISAH-BOU-0-58-20230512","[1361306, 1394627]"
"LISAH-BOU-0-6-20240425","[1357870]"
"LISAH-BOU-0-63-20230512","[1358257, 1361306, 1359545]"
"LISAH-BOU-0-65-20230512","[1363947, 1363944, 1363946, 1359639]"
"LISAH-BOU-0-75-20230516","[1363468]"
"LISAH-BOU-0-79-20230512","[1359488]"
"LISAH-BOU-0-8-20240425","[1358347, 1357351]"
"LISAH-BOU-0-84-20230512","[1425238]"
"LISAH-BOU-0-9-20240425","[1358347, 1414366, 1737437, 1395704, 1722433, 1356396]"
"LISAH-BOU-0-98-20240425","[1425238]"
"LISAH-BVD-0-100-20230510","[1356286, 1361307]"
"LISAH-BVD-0-101-20230510","[1394627]"
"LISAH-BVD-0-152-20230511","[1394636]"
"LISAH-BVD-0-155-20230511","[1394627]"
"LISAH-BVD-0-158-20230511","[1356066]"
"LISAH-BVD-0-191-20230511","[1363508]"
"LISAH-BVD-0-192-20230511","[1363522]"
"LISAH-BVD-0-195-20230511","[1363508]"
"LISAH-BVD-0-196-20230511","[1360931]"
"LISAH-BVD-0-197-20230511","[1396869]"
"LISAH-BVD-0-200-20230511","[1363740, 1396858]"
"LISAH-BVD-0-203-20230511","[1363740]"
"LISAH-BVD-0-205-20230511","[1363740]"
"LISAH-BVD-0-206-20230511","[1363740]"
"LISAH-BVD-0-208-20230511","[1359497]"
"LISAH-BVD-0-209-20230511","[1363740]"
"LISAH-BVD-0-25-20230510","[1362380]"
"LISAH-BVD-0-275-20230516","[1424343]"
"LISAH-BVD-0-277-20230516","[1361307]"
"LISAH-BVD-0-278-20230516","[1363993]"
"LISAH-BVD-0-281-20230516","[1363993, 1361133, 1395645]"
"LISAH-BVD-0-282-20230516","[1363472]"
"LISAH-BVD-0-283-20230516","[1363993]"
"LISAH-BVD-0-285-20230516","[1361307]"
"LISAH-BVD-0-287-20230516","[1361307]"
"LISAH-BVD-0-288-20230516","[1356268, 1363468]"
"LISAH-BVD-0-292-20230516","[1393458]"
"LISAH-BVD-0-293-20230516","[1356268, 1363522]"
"LISAH-BVD-0-294-20230516","[1356268]"
"LISAH-BVD-0-295-20230516","[1361133]"
"LISAH-BVD-0-296-20230516","[1391330, 1667671]"
"LISAH-BVD-0-297-20230516","[1363740]"
"LISAH-BVD-0-298-20230516","[1667671]"
"LISAH-BVD-0-299-20230516","[1363993]"
"LISAH-BVD-0-300-20230516","[1667671]"
"LISAH-BVD-0-301-20230516","[1363993, 1667671]"
"LISAH-BVD-0-302-20230516","[1667671]"
"LISAH-BVD-0-309-20230516","[1667671]"
"LISAH-BVD-0-310-20230516","[1667671, 1363993]"
"LISAH-BVD-0-337-20230516","[1364006, 1361307, 1356286]"
"LISAH-BVD-0-338-20230516","[1356286]"
"LISAH-BVD-0-339-20230516","[1356286]"
"LISAH-BVD-0-341-20230516","[1363814]"
"LISAH-BVD-0-342-20230516","[1364006]"
"LISAH-BVD-0-343-20230516","[1356286]"
"LISAH-BVD-0-344-20230516","[1356286, 1397514, 1364006]"
"LISAH-BVD-0-345-20230516","[1356286, 1364006]"
"LISAH-BVD-0-346-20230516","[1356286]"
"LISAH-BVD-0-347-20230516","[1356286]"
"LISAH-BVD-0-348-20230516","[1362380, 1356286, 1364170]"
"LISAH-BVD-0-349-20230516","[1356286, 1364006]"
"LISAH-BVD-0-35-20230510","[1744241]"
"LISAH-BVD-0-350-20230516","[1356286]"
"LISAH-BVD-0-351-20230516","[1394627]"
"LISAH-BVD-0-352-20230516","[1356286]"
"LISAH-BVD-0-353-20230516","[1356286]"
"LISAH-BVD-0-354-20230516","[1392560]"
"LISAH-BVD-0-364-20230516","[1361117, 1363947, 1363944, 1359639, 1363945, 1359625]"
"LISAH-BVD-0-372-20230516","[1361306, 1361117, 1394696, 1361307, 1359388, 1422217]"
"LISAH-BVD-0-379-20230516","[1361117, 1361307, 1361306]"
"LISAH-BVD-0-380-20230516","[1361307]"
"LISAH-BVD-0-383-20230516","[1414367]"
"LISAH-BVD-0-392-20230516","[1364006]"
"LISAH-BVD-0-397-20230517","[1414353]"
"LISAH-BVD-0-398-20230517","[1359517]"
"LISAH-BVD-0-412-20230517","[1422217]"
"LISAH-BVD-0-417-20230517","[1361307]"
"LISAH-BVD-0-428-20230517","[1361307]"
"LISAH-BVD-0-430-20230517","[1356286, 1389557]"
"LISAH-BVD-0-431-20230517","[1364006]"
"LISAH-BVD-0-432-20230517","[1356286]"
"LISAH-BVD-0-463-20230517","[1363740]"
"LISAH-BVD-0-465-20230517","[1744241]"
"LISAH-BVD-0-471-20230517","[1363421, 1356066]"
"LISAH-BVD-0-54-20230510","[1356314]"
"LISAH-BVD-0-99-20230510","[1356286]"
"LISAH-JAS-0-1-20220505","[1363181]"
"LISAH-JAS-0-11-20220505","[1743365, 1357875]"
"LISAH-JAS-0-12-20220505","[1359519, 1363739]"
"LISAH-JAS-0-13-20220505","[1364065]"
"LISAH-JAS-0-15-20220505","[1422217, 1414367, 1422218, 1414366]"
"LISAH-JAS-0-16-20220505","[1359519]"
"LISAH-JAS-0-17-20220505","[1356084]"
"LISAH-JAS-0-2-20220505","[1364065, 1359981, 1397048, 1364061]"
"LISAH-JAS-0-6-20220505","[1364138]"
"LISAH-JAS-0-7-20220505","[1364138]"
"LISAH-JAS-0-9-20220505","[1364065]"
"LISAH-JAS-1-25-20220505","[1422217]"
"LISAH-JAS-1-27-20220505","[1412585, 1361117, 1359322, 1361306, 1363740]"
"LISAH-JAS-1-28-20220505","[1363740, 1363944, 1363739, 1363947, 1359639, 1363945]"
"LISAH-JAS-1-5-20220505","[1364065]"
"LISAH-PEC-0-0-20220608","[1396063, 1361926, 1358478, 1396055]"
"LISAH-PEC-0-1-20230411","[1356013]"
"LISAH-PEC-0-10-20230405","[1392699]"
"LISAH-PEC-0-11-20230405","[1489087]"
"LISAH-PEC-0-11-20230411","[1363878]"
"LISAH-PEC-0-12-20230411","[1356013]"
"LISAH-PEC-0-13-20230411","[1356013]"
"LISAH-PEC-0-13-20230413","[1360771]"
"LISAH-PEC-0-14-20230407","[1396370]"
"LISAH-PEC-0-15-20230407","[1361000]"
"LISAH-PEC-0-17-20230413","[1363676]"
"LISAH-PEC-0-18-20230411","[1356013]"
"LISAH-PEC-0-19-20230413","[1363676]"
"LISAH-PEC-0-20-20230411","[1356013, 1363915]"
"LISAH-PEC-0-4-20230407","[1361579]"
"LISAH-PEC-0-4-20230411","[1363878]"
"LISAH-PEC-0-6-20220608","[1357019]"
"LISAH-PEC-0-6-20230411","[1356013]"
"LISAH-PEC-0-8-20230405","[1363791]"
"LISAH-PEC-0-9-20230411","[1356013, 1355964]"
"LISAH-PEC-0-9-20230413","[1357598]"
"LISAH-PEC-1-13-20230405","[1392699]"
"LISAH-PEC-1-18-20230407","[1363878]"
"LISAH-PEC-2-0-20220609","[1422217, 1356013, 1414353, 1364151, 1362332]"
"LISAH-PEC-2-11-20220609","[1357351]"
"LISAH-PEC-2-17-20230407","[1390637, 1357332]"
"LISAH-PEC-2-2-20220609","[1356013, 1361306, 1422218]"
"LISAH-PEC-2-20-20230407","[1356013]"
"LISAH-PEC-2-4-20220609","[1422217, 1356013, 1414367, 1422218, 1414353]"
"LISAH-PEC-2-5-20220609","[1362332, 1422217, 1472808]"
"LISAH-PEC-2-5-20230407","[1360407]"
"LISAH-PEC-2-6-20220609","[1364171, 1422217, 1361117, 1414367, 1422218]"
"LISAH-PEC-3-10-20230407","[1359268, 1393458]"
"LISAH-PEC-3-16-20230407","[1363676, 1359268]"
"LISAH-PEC-3-20-20230407","[1356149, 1363676, 1360549]"
"OPTMix-0108-P1-312-20231006","[1394503, 1396752]"
"OPTMix-0108-P1-422-20231006","[1744241]"
"OPTMix-0108-P1-427-20231006","[1356404]"
"OPTMix-0108-P1-533-20231006","[1744241]"
"OPTMix-0108-P1-95-20231006","[1363079]"
"OPTMix-012-P1-143-20231201","[1737448]"
"OPTMix-012-P1-208-20231201","[1359973, 1393703, 1395945]"
"OPTMix-012-P2-192-20231201","[1467321]"
"OPTMix-012-P2-207-20231201","[1360945, 1419915, 1651113]"
"OPTMix-012-P2-240-20231201","[1359973]"
"OPTMix-012-P3-190-20231201","[1359973, 1400084]"
"OPTMix-012-P3-218-20231201","[1651113]"
"OPTMix-012-P3-220-20231201","[1743933, 1359973]"
"OPTMix-0178-P1-1060-20231006","[1396752, 1743831, 1739064, 1394503, 1391802]"
"OPTMix-0178-P1-1061-20231006","[1744176]"
"OPTMix-0178-P1-552-20231006","[1394503, 1356404, 1396752, 1743831, 1356369]"
"OPTMix-0178-P1-661-20231006","[1396752, 1739064]"
"OPTMix-0178-P1-663-20231006","[1356433]"
"OPTMix-0178-P1-669-20231006","[1394616]"
"OPTMix-0200-11006-20231009","[1743933]"
"OPTMix-0200-P2-53-20231009","[1358507]"
"OPTMix-0200-P2-54-20231009","[1648762]"
"OPTMix-0200-P2-68-20231009","[1362940, 1358501]"
"OPTMix-0200-P3-108-20231009","[1396752]"
"OPTMix-0200-P3-127-20231009","[1743933]"
"OPTMix-0200-P3-139-20231009","[1365482]"
"OPTMix-0214-P1-207-20231010","[1651113]"
"OPTMix-0214-P1-208-20231010","[1743933, 1651113]"
"OPTMix-0214-P1-235-20231010","[1391143]"
"OPTMix-0214-P2-22-20231010","[1358501, 1358511, 1361800]"
"OPTMix-0214-P2-64-20231010","[1394613, 1358501]"
"OPTMix-0214-P2-84-20231010","[1359973]"
"OPTMix-0214-P3-186-20231010","[1743933]"
"OPTMix-0214-P3-196-20231010","[1391143]"
"OPTMix-0214-P3-278-20231010","[1743933]"
"OPTMix-0216-P4-208-20231009","[1743933]"
"OPTMix-0255-11233-20231009","[1361376]"
"OPTMix-0255-11372-20231009","[1743933, 1389018]"
"OPTMix-0255-11382-20231009","[1363079]"
"OPTMix-033-P3-107-20231201","[1363021]"
"OPTMix-0333-P1-107-20231212","[1361721]"
"OPTMix-0333-P1-112-20231212","[1356373]"
"OPTMix-0333-P2-108-20231212","[1739083]"
"OPTMix-0333-P2-112-20231212","[1390870]"
"OPTMix-0333-P2-115-20231212","[1359388]"
"OPTMix-0333-P3-100-20231201","[1390870, 1356428]"
"OPTMix-0333-P3-76-20231201","[1356404]"
"OPTMix-057-P1-1699-20231010","[1356364, 1396752, 1739064, 1356369, 1391802]"
"OPTMix-057-P1-1901-20231010","[1394503]"
"OPTMix-057-P1-1902-20231010","[1391802]"
"OPTMix-057-P1-1913-20231010","[1356404, 1396752, 1356428]"
"OPTMix-057-P1-1917-20231010","[1739064, 1396752, 1356369, 1392669, 1394503]"
"OPTMix-0593-P1-129-20231205","[1391143]"
"OPTMix-0593-P1-134-20231205","[1359973]"
"OPTMix-0593-P1-86-20231205","[1651113]"
"OPTMix-0593-P2-180-20231205","[1389017]"
"OPTMix-0593-P2-84-20231205","[1359274]"
"OPTMix-0593-P2-92-20231205","[1651113]"
"OPTMix-0593-P3-130-20231205","[1359973]"
"OPTMix-0593-P3-146-20231205","[1743472]"
"OPTMix-0593-P3-87-20231205","[1359973]"
"OPTMix-0598-P1-118-20231205","[1390870]"
"OPTMix-0598-P1-132-20231205","[1359973, 1548182]"
"OPTMix-0598-P1-133-20231205","[1359388]"
"OPTMix-0598-P1-149-20231205","[1391143]"
"OPTMix-0598-P1-197-20231205","[1358501]"
"OPTMix-0598-P1-198-20231205","[1390870]"
"OPTMix-0598-P2-102-20231205","[1363544]"
"OPTMix-0598-P2-139-20231207","[1358605, 1356217, 1391143]"
"OPTMix-0598-P2-86-20231207","[1356373, 1393254, 1356790]"
"OPTMix-0598-P2-99-20231205","[1390706]"
"OPTMix-0598-P4-104-20231207","[1390870]"
"OPTMix-0598-P4-108-20231207","[1737672]"
"OPTMix-0598-P4-128-20231207","[1358515]"
"OPTMix-083-P3-139-20231110","[1356373]"
"OPTMix-083-P3-186-20231110","[1356373]"
"OPTMix-083-P3-96-20231110","[1358501]"
"OPTMix-108-P1-000-20231006","[1668617]"
"RNNB-1-1-20230512","[1722522, 1390421, 1363540, 1722521]"
"RNNB-1-1-20240117","[1722433, 1737441, 1392264, 1722441]"
"RNNB-1-10-20230512","[1722522, 1722625, 1722521]"
"RNNB-1-10-20240117","[1722433, 1722441, 1393522]"
"RNNB-1-2-20230512","[1722522, 1722521]"
"RNNB-1-2-20240117","[1743244]"
"RNNB-1-3-20230512","[1722522, 1722521]"
"RNNB-1-3-20240117","[1392264, 1743244]"
"RNNB-1-4-20230512","[1390421, 1722522]"
"RNNB-1-4-20240117","[1743244]"
"RNNB-1-5-20230512","[1722522]"
"RNNB-1-5-20240117","[1722433, 1722441, 1737441, 1651204, 1393522]"
"RNNB-1-6-20230512","[1722522, 1452062]"
"RNNB-1-6-20240117","[1722433, 1722441, 1737441, 1393522, 1361416]"
"RNNB-1-7-20230512","[1722522, 1722625, 1722521]"
"RNNB-1-7-20240117","[1722433, 1722441, 1393522, 1737441]"
"RNNB-1-8-20230512","[1722522, 1722625, 1722521]"
"RNNB-1-8-20240117","[1722433]"
"RNNB-1-9-20230512","[1722625, 1722522, 1722521]"
"RNNB-1-9-20240117","[1722433, 1393522, 1359452, 1722441, 1361416]"
"RNNB-2-1-20230512","[1722522, 1722521, 1722625]"
"RNNB-2-1-20240117","[1360701, 1722433]"
"RNNB-2-10-20230512","[1390421]"
"RNNB-2-10-20240117","[1721018, 1722433]"
"RNNB-2-2-20230512","[1722522, 1722521, 1390421]"
"RNNB-2-2-20240117","[1360701, 1359344, 1357227]"
"RNNB-2-3-20230512","[1390421]"
"RNNB-2-3-20240117","[1357227, 1722433]"
"RNNB-2-4-20230512","[1390421]"
"RNNB-2-4-20240117","[1722433, 1360701, 1357227]"
"RNNB-2-5-20230512","[1390421]"
"RNNB-2-5-20240117","[1359344, 1357227, 1388812]"
"RNNB-2-6-20230512","[1390421]"
"RNNB-2-6-20240117","[1359344, 1357227, 1357651]"
"RNNB-2-7-20230512","[1426004]"
"RNNB-2-7-20240117","[1722433, 1360701, 1722441]"
"RNNB-2-8-20230512","[1426004]"
"RNNB-2-8-20240117","[1360701, 1359344, 1360719, 1651204]"
"RNNB-2-9-20230512","[1390421]"
"RNNB-2-9-20240117","[1721018, 1360978, 1722433]"
"RNNB-3-1-20230512","[1363526]"
"RNNB-3-1-20240117","[1359344, 1722433, 1651204, 1722441, 1743244]"
"RNNB-3-10-20230512","[1393522]"
"RNNB-3-10-20240117","[1356083]"
"RNNB-3-11-20230512","[1393992]"
"RNNB-3-12-20230512","[1393522, 1722433, 1393992]"
"RNNB-3-2-20230512","[1426004]"
"RNNB-3-2-20240117","[1722433, 1359344, 1722441]"
"RNNB-3-3-20240117","[1359344, 1722433, 1722441]"
"RNNB-3-4-20230512","[1360931]"
"RNNB-3-4-20240117","[1359344, 1356282, 1361792]"
"RNNB-3-5-20230512","[1722441, 1722433]"
"RNNB-3-5-20240117","[1722436, 1722490, 1356083]"
"RNNB-3-6-20230512","[1393522, 1722433]"
"RNNB-3-6-20240117","[1355977, 1400159, 1358581, 1363180]"
"RNNB-3-7-20230512","[1722433, 1393522, 1722441]"
"RNNB-3-7-20240117","[1359344, 1355977, 1360978, 1358581, 1491514, 1743244]"
"RNNB-3-8-20230512","[1722433, 1722441, 1393522, 1361721]"
"RNNB-3-8-20240117","[1356083]"
"RNNB-3-9-20230512","[1393522, 1361721, 1722433, 1722441]"
"RNNB-3-9-20240117","[1360701, 1651204, 1722441]"
"RNNB-4-1-20240117","[1357769, 1399609]"
"RNNB-4-1-20240118","[1399609]"
"RNNB-4-10-20240117","[1359344, 1722433, 1356083]"
"RNNB-4-10-20240118","[1399609, 1392725, 1392264]"
"RNNB-4-2-20240117","[1359344]"
"RNNB-4-2-20240118","[1394019, 1361953, 1361412]"
"RNNB-4-3-20240117","[1722441, 1392264]"
"RNNB-4-3-20240118","[1361412]"
"RNNB-4-4-20240117","[1359344]"
"RNNB-4-4-20240118","[1399609, 1361412, 1392725]"
"RNNB-4-5-20240117","[1359344, 1722433, 1393770, 1722441]"
"RNNB-4-5-20240118","[1399609, 1392725]"
"RNNB-4-6-20240117","[1359344, 1722433, 1361703]"
"RNNB-4-6-20240118","[1399609]"
"RNNB-4-7-20240117","[1359344, 1722433, 1722441]"
"RNNB-4-7-20240118","[1399609, 1392725]"
"RNNB-4-8-20240117","[1359344, 1722433, 1500391]"
"RNNB-4-8-20240118","[1399609, 1392725, 1397398, 1357630]"
"RNNB-4-9-20240117","[1359344, 1357848, 1722433]"
"RNNB-4-9-20240118","[1399609, 1392725, 1397398]"
"RNNB-5-1-20240117","[1360542, 1743550, 1397373]"
"RNNB-5-1-20240118","[1399609, 1392264]"
"RNNB-5-10-20240117","[1743819]"
"RNNB-5-10-20240118","[1399609, 1392725, 1397398]"
"RNNB-5-2-20240117","[1399609, 1392725]"
"RNNB-5-2-20240118","[1399609, 1392725, 1360185]"
"RNNB-5-3-20240117","[1399609, 1360542, 1360520, 1743550, 1392725, 1400036]"
"RNNB-5-3-20240118","[1399609, 1392725]"
"RNNB-5-4-20240117","[1399609]"
"RNNB-5-4-20240118","[1399609, 1392725, 1357630, 1397398]"
"RNNB-5-5-20240117","[1399609, 1392725, 1397398]"
"RNNB-5-5-20240118","[1399609, 1392725, 1357630, 1397398, 1737651]"
"RNNB-5-6-20240117","[1399609, 1360542, 1397373, 1743550]"
"RNNB-5-6-20240118","[1399609, 1392725, 1357630, 1357268, 1392264, 1396742, 1397398]"
"RNNB-5-7-20240117","[1360542, 1743550]"
"RNNB-5-7-20240118","[1399609, 1364108, 1392264, 1392725]"
"RNNB-5-8-20240117","[1399609]"
"RNNB-5-8-20240118","[1722441]"
"RNNB-5-9-20240117","[1399609]"
"RNNB-5-9-20240118","[1399609]"
"RNNB-6-1-20240117","[1360542]"
"RNNB-6-1-20240118","[1722433]"
"RNNB-6-10-20240117","[1361892]"
"RNNB-6-10-20240118","[1399609, 1392264]"
"RNNB-6-2-20240117","[1361412]"
"RNNB-6-2-20240118","[1361412]"
"RNNB-6-3-20240117","[1359388]"
"RNNB-6-3-20240118","[1361412]"
"RNNB-6-4-20240117","[1361412]"
"RNNB-6-4-20240118","[1361416]"
"RNNB-6-5-20240117","[1414353]"
"RNNB-6-5-20240118","[1361416]"
"RNNB-6-6-20240117","[1361412]"
"RNNB-6-6-20240118","[1399609, 1390421]"
"RNNB-6-7-20240117","[1361412]"
"RNNB-6-7-20240118","[1399609, 1392725]"
"RNNB-6-8-20240117","[1361412]"
"RNNB-6-8-20240118","[1399609, 1392725, 1392264]"
"RNNB-6-9-20240117","[1359388]"
"RNNB-6-9-20240118","[1399609]"
"RNNB-7-1-20240118","[1399609, 1392725]"
"RNNB-7-10-20240118","[1399609, 1392725, 1361412]"
"RNNB-7-2-20240118","[1399609, 1361412, 1392725]"
"RNNB-7-3-20240118","[1399609, 1392725, 1361412, 1361437]"
"RNNB-7-4-20240118","[1361412, 1359452]"
"RNNB-7-5-20240118","[1361412, 1399609]"
"RNNB-7-6-20240118","[1399609, 1361412, 1392725, 1359388]"
"RNNB-7-7-20240118","[1361412, 1399609, 1393522]"
"RNNB-7-8-20240118","[1361437, 1361412]"
"RNNB-7-9-20240118","[1399609, 1359452]"
"RNNB-8-1-20240118","[1359344, 1722441]"
"RNNB-8-10-20240118","[1361412, 1722441, 1651204, 1722433]"
"RNNB-8-2-20240118","[1722441, 1722433, 1357227, 1651204]"
"RNNB-8-3-20240118","[1722433, 1722441, 1357848, 1393522]"
"RNNB-8-4-20240118","[1722441, 1651204, 1393522, 1361412]"
"RNNB-8-5-20240118","[1359344]"
"RNNB-8-6-20240118","[1359344]"
"RNNB-8-7-20240118","[1359344, 1357848, 1499638]"
"RNNB-8-8-20240118","[1359344, 1357227]"
"RNNB-8-9-20240118","[1359344, 1392264, 1361412]"
